id,label1,label2,label3,label4,label5,label6,label7,label8,label9,label10,label11,label12,label13,label14,label15,label16,label17,level
0,0.783333333,6.825481495,9.006666667,12.98213771,613.148535,1881.333333,90.55666667,629.3890889,16.94666667,211.35,166.6666667,-66.54169482,-18.85666667,10.23287217,3071.666667,2192.333333,2760.666667,3
1,0.73,18.76084561,11.47333333,54.54465215,147.1710038,1117.503333,0,178.741173,2.66,87.83,0,-74.02951008,0,18.14651847,1485.276667,741.53,1861.25,3
2,0.783333333,10.34066025,9.956666667,15.90784732,434.2769663,11127.59333,166.0733333,495.7592678,9.04,2.413333333,0,-3.720063399,0,15.1973966,14957.11667,12584.61333,13500.09667,3
3,0.82,13.08218393,19.35666667,25.85302553,450.1007184,3761.486667,30.35333333,480.7129128,8.433333333,4.72,0,-41.47709851,0,26.73021383,7838.016667,7040.696667,4558.806667,2
4,0.54,22.02146271,-199.7466667,140.0287822,479.4320081,237.3333333,0,495.2640769,0.596666667,9.586666667,0,-880.3580974,-167.9766667,-68.48594026,453.3333333,202,488.6666667,4
5,2.12,5.494540056,6.143333333,32.98734894,297.1451456,19406.88667,0.293333333,302.2063713,148.2733333,3.91,0,20.01207827,0,1.880991672,9034.173333,6043.7,22397.36,2
6,1.03,1.14281205,5.056666667,8.5460032,842.1807756,3380.313333,0,944.0631997,8.256666667,12.85,0,104.6893614,0,5.333394279,3319.956667,5381.763333,1318.506667,3
7,0.583333333,48.2,19.28666667,51.37666667,163.75,300.0433333,1.516666667,165.1666667,24.96333333,7.453333333,0,32.47953088,0,117.4601074,500.66,314.3066667,130.77,4
8,1.313333333,26.97333333,19.68666667,37.61431449,197.7622273,10474.79,0,262.0723548,6.283333333,12.92666667,0,0,0,105.41712,8359.243333,5334.603333,1270.416667,3
9,0.973333333,17.99666667,14.1,41.73357833,126.8715354,37752.67,0,197.5499654,2.693333333,2.723333333,0,-12.06921507,0,78.05089992,40868.92667,23849.63667,3700.11,1
10,0.046666667,-2.573453345,0,3.710417202,400.8972571,34.78666667,0,414.3556618,6.486666667,0.706666667,0,456.4306303,0,-66.57698344,680.34,647.4566667,67.67,4
11,0.386666667,31.46333333,7.236666667,72.62306971,107.5158748,35841.94333,0,108.9254816,23.89666667,1.453333333,0,-0.5650888,0,21.16012525,160065.5633,52497.18,143410.3267,1
12,1.62,31.31163645,25.84666667,47.07336014,245.8079939,13550.66667,0,259.6176831,46.47333333,7.116666667,0,10.77705275,25.88333333,17.09240021,11327.66667,6067.333333,18811,2
13,0.21,-72.73046692,-11.50666667,40.15800914,601.3767478,804.5333333,0,877.1205094,0.793333333,2.003333333,0,-1204.557162,0,-42.22829567,4297.206667,1994.71,3107.03,3
14,0.443333333,-27.48634033,0,24.45740232,8338.923358,443.91,0,8391.240352,1.433333333,3.913333333,0,0,0,4.338278407,616.9333333,401.8766667,658.9666667,4
15,0.026666667,-6.843941834,0,33.91863913,245.2595573,18.88333333,0,345.6025911,0.09,0.3,0,0,0,-63.80985585,580.8433333,371.4233333,228.3033333,4
16,0.166666667,0.835597346,0.996666667,15.23493065,148.6595365,1504.643333,261.5033333,225.7871715,0.736666667,4.16,0,34.21546902,0,4.616475074,9113.926667,7701.38,2917.19,3
17,0.533333333,-8.027306874,-6.6,14.46188622,1724.508189,2283.45,0,1809.120316,7.19,4.316666667,0,-789.6704206,0,-13.19130252,4232.05,3601.053333,2914.446667,3
18,0.25,0.368395351,0.166666667,5.138731376,910.5170842,20092842.77,0.463333333,920.2259451,7.19,4.316666667,0,153.0684659,0,1.505743321,81289161.84,77044738.56,24337266.04,1
19,1.003333333,-92.48790536,0,39.15942255,173.2096519,0,0,200.9219058,0,3.19,0,-21.96148819,0,-97.01637643,3269.743333,2145.876667,1123.866667,3
20,0.433333333,7.275255778,4.683333333,71.75445272,91.99473428,79550.01,0.653333333,106.3300702,4.166666667,1.573333333,0,3.624560871,0,6.655596372,217480.8267,58384.70667,238646.13,2
21,0.44,8.963467153,10.77666667,72.35069768,256.7269468,1038.73,11.07333333,265.8723975,37.84,2.863333333,0,14.83083956,0,12.64673825,2746.016667,2089.21,1695.536667,3
22,0.846666667,10.20759426,13.58666667,29.13074085,264.3366282,5075.1,20.89666667,301.5740818,4.116666667,6.243333333,0,-13.28185584,0,11.89637203,7568.683333,5384.103333,7259.68,3
23,0.973333333,25.06990784,15.22,46.49901977,118.8208245,10049.53,0,218.5165153,1.52,4.38,0,18.52894918,0,19.41742453,10721.99667,5754.25,15017.27667,3
24,2.023333333,16.76942342,1.223333333,74.21603552,70.49691474,152110.0533,3.956666667,95.88423912,13.26,3.826666667,0,0,0,1.425681485,90042.58,16745.42,225407.2133,2
25,0.643333333,15.34255344,13.48333333,19.65115194,1073.021108,4052.476667,0,1073.021108,5.156666667,1.63,0,-75.26425632,0,29.09270388,6525.493333,5146.3,5431.67,3
26,0.483333333,55.0810975,-69.63,37.37247965,78826.02551,34.26,0,177229.7356,0,2.726666667,0,-251579.0094,0,-26366.41026,134.3266667,5.776666667,162.81,4
27,0.863333333,23.64003867,0,19.02735659,429.5363096,12128.11667,2974.186667,468.9418466,5.063333333,1.896666667,0,31.65994589,0,44.41102543,18923.94333,15541.13333,15510.92667,2
28,2.056666667,52.61356329,-101.0466667,220.8641476,191.0977163,913.5266667,-49.95333333,191.0977163,0,13.80333333,0,-135.9725086,0,-30.2332626,612.5366667,72.28333333,1453.78,4
29,0.396666667,34.36697623,5.076666667,94.74286241,257.298565,42161.12,3.336666667,320.6584085,4.25,8.456666667,0,3.649667084,0,7.921134753,109516.2667,6022.386667,145655,2
30,0.156666667,9.233497866,6.823333333,57.27374976,102.4446697,16345.57333,0.243333333,114.2273279,3.82,9.33,0,50.42496354,0,48.79231748,120202.56,52727.93333,83820.2,1
31,2.006666667,25.59244763,14.97333333,52.7206912,221.1228636,64758.16667,0.646666667,221.9890694,372.9266667,4.94,0,17.16849363,0,7.76293981,38495.43,19910.59,83343.00667,2
32,1.566666667,-4.825969685,-6.02,30.32126107,272.1198326,2512.333333,0,272.1198326,197.3333333,117.6833333,0,-7.053513601,-3.34,-4.87522137,2605.333333,2611,2506.666667,3
33,0.94,0,0,31.36800411,320.1651056,1484.8,30.41333333,392.6890101,6.26,3.31,0,-35.05314744,0,17.81620535,2154.73,0,3639.53,3
34,2.033333333,4.267500119,2.653333333,59.95587049,45.09597941,21768.11667,5.53,71.68002062,10.03,18.45666667,0,13.43706522,0,1.197786446,13157.29,5154.99,29770.41667,2
35,0.37,-13.51720011,-10.32333333,31.3886451,167.7496648,664.44,259.0166667,173.0040747,5.81,0.776666667,0,-41.04398458,0,-25.37672332,2588.64,1920.866667,1332.213333,4
36,1.996666667,17.02132294,10.35,61.3022604,176.6042147,17633.97,4.193333333,255.6487786,5.936666667,7.096666667,0,9.249578442,0,3.947169556,10439.85,4147.586667,23926.23333,2
37,0.02,-13.53027088,-12.93,1.477915539,110.2360022,37.39666667,0,145.3472717,0.43,0.616666667,0,-360.5607033,0,-28.92693445,632.8733333,604.8166667,65.45333333,4
38,0.816666667,-82.39165995,-28.16666667,47.74573113,38149.41436,2496.46,0,38149.8828,15.40333333,27.58666667,0,12.91059075,0,-26.03673089,3600.46,1502.453333,4594.466667,3
39,0.306666667,5.220372465,3.236666667,27.69795325,517.2074468,663.7266667,0,517.2074468,0,1.923333333,0,35.08372773,0,6.111944967,1631.316667,1097.353333,1197.69,3
40,1.65,11.96414883,11.62666667,48.13350385,285.6400168,1319.11,0,316.6434161,7.65,7.16,0,-39.81213701,0,10.45710196,1131.16,659.5733333,1790.696667,4
41,0.603333333,13.42240219,10.38666667,31.58761025,242.2383809,16540.78,84.68666667,292.1836412,2.736666667,2.153333333,0,-13.1850842,0,22.31910474,32839.99333,23043.19667,26337.57667,2
42,1.376666667,21.17666667,16.95333333,33.07478044,196.3205949,2371.626667,0,220.7790055,10.48666667,3.936666667,0,-17.58730863,0,52.75501403,1913.61,0,250.6866667,3
43,2.746666667,0.619978908,0.373333333,50.46201882,150.51731,2405.116667,1.763333333,232.9028466,12.52,7.966666667,0,0,0,0.153368087,1210.803333,507.01,3108.91,3
44,1.366666667,14.1990561,11.49,69.18151537,97.15355395,2922.853333,0,137.5555884,2.87,4.91,0,32.62635888,0,9.305923904,2662.38,903.64,4681.593333,3
45,1,9.031875499,4.66,76.18855812,85.35609791,11671.87333,3.103333333,117.8807352,3.423333333,2.006666667,0,0.299252056,0,3.105756287,12041.82333,2863.65,20850.04667,2
46,0.486666667,-0.428256546,0.04,75.26655704,104.5172486,158766866.3,1.12,129.995916,1.613333333,1.25,0,-3.020461673,0,0.06259854,316730552.1,77201330.74,398296087.6,2
47,0.7,12.93399838,7.863333333,51.40557624,124.6011007,20105.17,6.73,144.5355361,3.763333333,1.493333333,0,7.395090461,0,12.36,30361.21667,14712.85667,1927.433333,1
48,0.453333333,20.89957349,11.45,48.961414,185.8076483,37971.10333,1.11,212.5348411,2.1,15.27333333,0,2.902471605,0,42.02056738,105644.0833,56465.74,87149.44667,1
49,1.276666667,-43.83198338,1.07,122.1786678,24.67419938,901.99,-0.313333333,81.95310081,1.303333333,6.943333333,0,12.19019825,0,0.751516615,706.9633333,-147.1,1756.053333,4
50,1.553333333,52.55017361,15.12333333,54.35623879,208.7264075,2410.666667,0,293.9991032,1.16,0,0,-17.38126368,6.086666667,10.30138026,2251,1374,3287.666667,3
51,1.363333333,15.36113312,9.653333333,48.77947895,176.4605689,3241.786667,1.766666667,176.4605689,23.13666667,3.706666667,0,12.39784609,0,6.99273185,2505.73,1286.523333,4460.993333,4
52,1.116666667,21.57842887,10.51666667,57.25283892,143.2673273,24464.73333,0,144.5626559,52.46666667,6.233333333,0,4.944110369,0,10.3202298,24561.60333,10478.44667,38547.89,2
53,1.123333333,21.65391668,18.37666667,31.51991549,164.4948691,6401.6,0.923333333,204.7275525,4.206666667,4.023333333,0,3.924066263,0,23.4987751,7580.296667,5369.253333,8612.643333,3
54,1.223333333,22.98826859,15.42666667,44.21751864,281.0387139,3669.163333,147.5466667,327.2641205,7.683333333,1.993333333,0,-5.015982809,0,13.53580358,3641.073333,1660.086667,5650.15,2
55,0.513333333,5.396099094,7.426666667,49.5508228,202.1723537,1938.683333,2.34,210.2855802,18.59,22.43333333,0,52.20504182,0,6.288326743,1958.63,1109.79,2787.523333,3
56,0.526666667,14.58823396,-61.06666667,553.5948763,9.475200183,225.5266667,0,9.475200183,0,379.8466667,0,-4.650739921,0,-56.94938917,394.9833333,-1584.39,2204.9,4
57,0.726666667,-1.044006099,-0.833333333,29.41740751,287.0329942,6755.44,1.513333333,341.6979608,2.62,2.713333333,0,-59.61553374,0,-0.947665696,9097.526667,6360.653333,9492.313333,2
58,1.073333333,23.39840159,21.68333333,35.84511439,169.470919,1071.96,8.963333333,185.148167,9.116666667,3.073333333,0,-13.46431731,0,22.38414097,1421.26,911.9766667,1581.243333,3
59,0.356666667,6.806085806,5.073333333,33.38035099,281.5569304,840.2466667,7.053333333,293.3136016,4.920933333,0.973333333,0,-0.365971755,0,15.66651672,2405.976667,1597.113333,1649.11,3
60,0.573333333,15.33108202,8.093333333,60.06091631,131.4686403,17772.80333,7.966666667,143.989353,4.676666667,3.843333333,0,9.268326037,0,11.53367375,32289.58,13008.52333,37053.86,2
61,0.856666667,14.2379215,6.94,74.50367985,72.73779963,4962.06,3.973333333,116.9868889,1.993333333,2.983333333,0,-6.158890733,0,4.883176929,5946.156667,1450.52,9457.696667,3
62,0.8731,-6.926194603,-4.45,39.68897453,121.7151454,3028.326667,-110.3566667,140.8307292,4.484433333,6.4,0,-10.74689464,0,-3.646666509,3435.086667,2067.033333,4396.38,4
63,1.536666667,25.62634568,16.39,45.94992831,184.1208629,29797.09,1.203333333,216.7638111,6.526666667,5.946666667,0,22.82461036,0,13.38579251,22026.47,11762.65333,40060.90667,2
64,0.8016,40.66350839,38.54666667,25.45797178,293.6226836,12370.38333,-116.9933333,298.0272531,7.646,66.0335,0,135.4687104,0,94.86543332,20792.72,16209.34667,16953.75667,2
65,1.56,25.59720773,20.97333333,37.98611267,64.30328081,11832.2,7.023333333,117.5509003,4.92,16.43333333,0,18.82070049,0,12.49702084,8427.556667,5251.106667,15008.65,2
66,0.306666667,4.260070392,3.893333333,9.731897123,254.9380664,970.14,0,278.1995287,7.073333333,6.603333333,0,-16.56876127,0,-9.886284776,3194.673333,2884.053333,1280.76,4
67,0.576666667,5.830336343,5.3,39.3210569,244.4127383,919.16,46.72666667,244.9561013,115.0766667,57.13,0,-28.68364555,0,18.08267662,1876.276667,1119.276667,863.3,3
68,0.653333333,298.9782074,3.596666667,59.3373666,101.765551,267.3066667,17.98,102.4305026,16.08666667,4.613333333,0,-25.23869798,0,-5.630345035,466.34,241.5866667,492.06,3
69,4.59,61.26056821,0,26.51982427,300.1391486,11226.07333,0,522.2081814,8.31,23.63666667,0,0,0,12.52322384,3319.03,2339.136667,12205.96667,3
70,1.08,0.925249612,0.85,31.22918149,156.8025968,2386.866667,0.85,238.8371021,3.22,3.506666667,0,-8.531525318,0,0.832401047,2586.68,1794.943333,3178.603333,3
71,0.08,-30.84090256,-12.52,45.59912026,232.0128726,653.3766667,-10.35666667,240.4359991,1.596666667,0.39,0,-47.66533184,0,-64.33578219,7737.336667,4224.093333,4166.62,3
72,0.97,26.18515041,32.58666667,15.27646898,1293.410946,510.6633333,0,1335.712062,0.996666667,1.563333333,0,272.3249468,0,181.3564382,636.6666667,524.0233333,623.3066667,4
73,1.901,14.50838313,190.1,28.17571143,250.5335199,23339.10667,2.48,343.8483342,4.127766667,3.881233333,0,37.99935372,0,6.720898175,12545.1,8986.986667,26897.22,2
74,0.856666667,7.19970082,5.063333333,42.93869177,60.62380551,13296.15667,6.806666667,97.5500629,5.356666667,6.43,0,0,0,6.121942554,15723.36333,9025.016667,19994.50333,2
75,0.863333333,6.622676812,2.816666667,75.23799753,85.5842982,11657888.74,11.86333333,120.6730124,1.47,3.193333333,0,3.607812493,0,4.318796668,20611631.67,5117416.547,27152103.86,4
76,1.166666667,60.39912522,11.91666667,68.26556927,90.25390581,106636.6967,12.89,109.2447421,10.26666667,4.06,0,2.57570943,0,10.21034814,95258.51333,14983.98333,186911.2267,1
77,1.296666667,30.42683959,14.67666667,58.01296428,107.6442416,2724.333333,0,174.6200625,2.92,3.846666667,0,-5.124100913,0.433333333,15.52771694,2242.333333,846.6666667,4120,4
78,1.306666667,-29.96153658,2.566666667,66.38532052,113.3270788,1869.273333,380.0566667,149.3817747,2.886666667,3.253333333,0,23.35993258,0,1.69020623,1527.43,559.3966667,2837.306667,3
79,1.181866667,48.79464802,30.26,50.95180384,187.525579,11602.84667,-790.1633333,196.9785518,7.825733333,3.226666667,0,49.90081079,0,34.36428304,13186.25333,7274.94,17514.16,2
80,1.036666667,53.44816863,0,87.92715147,71.72906896,2064.343333,0,111.9647204,1.98,2.853333333,0,-12.50526839,0,16.7611088,2201.864667,309.9,3956.308,3
81,2.416666667,16.07670739,7.666666667,46.03649148,161.1122425,3831.726667,0,216.0263987,6.97,12.7,0,-9.208273438,0,3.714798054,1739.783333,722.6966667,4848.813333,4
82,1.196666667,10.95411613,15.25666667,26.14271873,327.6927198,6510.333333,6.873333333,438.8862379,3.426666667,4.043333333,1536.666667,-45.11937041,-10.79,11.59161065,7747.333333,5929.666667,8328,2
83,0.446666667,3.117038651,9.32,12.40633721,-17808.70271,684.47,0,-17807.35997,37.22,2.22,0,5380.895285,0,1.878033926,1470.876667,1249.206667,906.14,3
84,0.43,-63.09436774,-12.85333333,33.67903787,243.5628065,407.9533333,7.616666667,245.4529755,107.9066667,1.156666667,0,0,0,-70.18702719,2178.496667,1443.686667,1142.763333,3
85,1.149566667,24.57474659,21.83333333,30.498317,252.139997,1222.366667,14.90333333,256.8586287,6.266666667,47.08773333,0,49.14883331,0,22.3392212,1332.15,934.5866667,1619.93,4
86,0.403333333,-5.462887926,0,33.90075307,152.296707,2798.103333,2.193333333,179.4192265,1.386666667,2.603333333,0,10.36789939,0,-6.863126665,8317.073333,5398.416667,5716.76,3
87,1.083333333,35.49122083,0,75.81529566,60.80759188,6225.916667,0,97.5616476,3.783333333,4.326666667,0,0.029217717,0,14.59518644,7504.666667,1775.74,11954.84333,2
88,0.443333333,-8.703780624,0,30.45246376,159.2970948,13675637.83,0.78,188.4046072,2.316666667,2.173333333,0,-32.7158465,0,-5.373230399,35900827.58,26454270.84,23122194.56,2
89,1.593333333,-1.470980454,0.21,29.55824906,364.4215406,600.0633333,0,409.346199,44.95666667,4.586666667,0,-150.865583,0,-2.498403735,471.6833333,375.7866667,695.96,4
90,1.953333333,-0.94,0,9.176666667,4749.966667,0,0,5381.27,15.02666667,10.31666667,0,0,0,0,0,0,0,4
91,0.94,42.86590029,40.26,23.02866907,364.5705555,5540.903333,0,391.8816015,7.126666667,2.193333333,0,93.27951224,0,69.93379226,6627.206667,5207.626667,6960.483333,3
92,0.616666667,41.88232082,15.07666667,72.02949896,137.7290904,1042.986667,44.99666667,143.4573429,9.516666667,7.786666667,0,-3.965663038,0,22.47464313,1804.296667,559.55,2287.733333,3
93,0.816666667,1.28050738,3.67,34.54872477,228.1925039,2304.986667,0,279.0539092,2.566666667,1.203333333,0,-0.003418064,0,4.631303417,3024.78,1972.91,3356.856667,3
94,0.423333333,15.38014205,13.16,31.92027299,283.1693172,181694120.4,3.146666667,308.2264435,5.016666667,1.6,0,88.11084772,0,37.02838447,460486065.3,311308516.6,330871669.1,2
95,0.156666667,11.02722112,8.583333333,4.754258217,254.3330168,956.08,0,254.3330168,0,4.35,0,133.1691505,0,196.2337259,5091.756667,4815.656667,1232.18,3
96,2.816666667,39.44569883,29.29,46.32292756,162.1999388,1481.746667,0,216.8262454,10.76333333,7.27,0,-23.73514464,0,11.09607792,631.7733333,332.0966667,1781.423333,3
97,0.583333333,13.05764632,7.473333333,60.16039262,142.5974195,4752.333333,5.57,150.1031006,3.253333333,0.583333333,183.3333333,63.03623769,36.22,25.41743695,10051.66667,4473,10331,3
98,0.326666667,0.346855248,0.353333333,12.97407468,130.0053912,795.63,0,142.4070676,6.686666667,264.2866667,0,55.91094026,0,1.268566745,2329.526667,2011.453333,1113.703333,4
99,0.56,3.893932929,5.24,75.31092982,44.77239502,10806.67333,0.113333333,71.65787349,3.026666667,3.356666667,0,-13.89457352,0,3.436759735,19781.76,4880.786667,25707.64667,2
100,0.11,-182.5511674,-37.43,31.56089593,222.954464,85.35666667,0,223.0777886,236.42,2.416666667,0,-260.6485599,0,-51.57427082,507.9066667,285.4266667,307.8366667,4
101,2.076666667,25.32349377,28.37,34.292054,272.109462,8477.853333,0,272.585513,0,7.6,0,47.23602735,0,0,4192.343333,3004.933333,1026.796667,3
102,0.42,12.59056811,11.44,18.99738084,393.3360536,12432.17333,0,529.0526947,0.776666667,1.466666667,0,28.58903958,0,36.21880544,30910.62,25042.59667,18300.19667,1
103,0.946666667,11.06177817,5.42,68.98374381,110.4080567,28464.72667,0,110.4080567,3.423333333,3.83,0,-6.564174641,0,0,31850.68333,10226.87667,1334.103333,2
104,0.84,15.83143197,9.133333333,48.40434714,175.5403661,21228.39,3.226666667,199.1968844,5.946666667,1.163333333,0,6.78366597,0,13.27549411,26921.73,13941.08667,34209.03333,2
105,0.45,-26.62245038,-25.4,6.075512149,1524.75284,1038.38,0,1524.75284,0,54.65,0,-750.0891099,0,-32.88187633,2519.193333,2355.563333,1202.01,4
106,1.793333333,10.34005556,6.263333333,65.85412381,119.2473044,38338.2,0.276666667,142.1130065,9.163333333,3.476666667,0,-7.703306385,0,2.018524974,25563.19333,8509.99,55391.40333,3
107,0.48,0.910299965,0,51.48914488,241.4367621,2290.43,0,275.3643948,6.19,5.706666667,0,-29.19120797,0,36.94566939,6832.463333,4286.476667,4836.416667,2
108,2.153333333,5.109852819,4.083333333,36.4095838,292.6542628,14630.66667,0,306.0318311,118.4233333,5.063333333,3.333333333,-5.199797172,8.333333333,2.100769589,7511.666667,4467.333333,17675,3
109,1.5153,34.3416808,26.18,43.43583931,215.4775949,32415.85667,-38.47333333,220.9120496,25.6497,4.803333333,0,11.75064096,0,25.19146006,26722.94333,15207.7,43931.1,2
110,2.266666667,73.20952415,33.25,67.86432263,135.9264275,2604.343333,57.33666667,147.3092028,14.99666667,5.476666667,0,-10.76062386,0,25.46464854,2186.89,815.2366667,3975.996667,3
111,0.28,2.259711439,1.906666667,34.83300625,106.0487879,2192.336667,1.61,108.4648814,27.94333333,0.976666667,0,-26.36210644,0,6.737755636,8422.556667,5486.54,5128.353333,4
112,1.163333333,3.188337519,0.94,75.67771964,90.52810331,4659.133333,0.886666667,117.8846666,1.78,3.29,0,0,0,0.664389012,4350.543333,1052.023333,7957.653333,4
113,1.086666667,89.71302718,40.42,64.18177348,197.0428582,7041.936667,0,197.0428582,0,3.603333333,0,154.7140769,0,0,7584.41,2251.166667,2774.71,3
114,0.8,-0.038531128,0,70.33857265,105.2055852,2566.596667,7.203333333,125.0159949,4.153333333,5.376666667,0,6.025628957,0,-0.186271841,3467.46,1020.386667,5013.67,3
115,0.46,11.01890896,15.56333333,18.82715733,345.6236674,291.4833333,0,406.2723068,1.233333333,21.66,0,279.1940332,0,4.082207651,881.1733333,713.51,459.1466667,3
116,5.36,2.526666667,11.75,62.99820091,146.3692909,2756,0,147.213045,119.2133333,22.40333333,0,14.00368508,17.59333333,11.85049046,1519.333333,491.3333333,3784,3
117,0.243333333,0.508999258,0.383333333,14.36122494,24.2017055,1137.056667,0,65.54387944,0.246666667,0.923333333,0,1.48079317,0,1.076666667,3095.116667,1761.626667,2470.546667,3
118,0.166666667,-8.786666667,-6.363333333,22.25126198,327.9368388,0,-98.39666667,372.5152237,1.353333333,0.79,0,-57.21575505,0,-27.56545199,12019.46667,9350.623333,2668.843333,2
119,0.3484,-13.46,-7.43,36.56115983,213.8421856,693.25,0,272.0722514,10.09586667,1.0858,0,32.69886141,0,-49.7,2000.283333,1234.166667,-76.59666667,3
120,0.641533333,-49.43333333,-35.33,125.054435,73.96428733,1919.58,0,85.59231211,2.6283,1.027833333,0,7.295440483,0,-38.16,2352.06,-262.81,-921.62,3
121,0.756666667,9.54,7.376666667,32.05530379,107.9803742,3626.333333,0,181.6936123,2.783333333,6.076666667,0,21.89886159,5.856666667,9.892352341,5044.666667,3564.666667,5106.333333,3
122,1.81,25.16333333,21.19,31.7348116,289.8451308,1820.333333,0,290.2862146,0,17.04333333,66.66666667,24.87114516,12.38,13.45328556,1153.666667,799.3333333,2174.666667,3
123,0.61,8.57,7.1,33.71964434,201.4208932,0,702.7466667,249.7252072,3.35,2.633333333,0,19.89489041,0,12.61645882,137574.83,89791.55,47783.28,1
124,0.374966667,2.45,2.876666667,11.42790335,818.4808459,2324.746667,0,1045.964979,1.181733333,3.145533333,0,22.32526627,0,6.523333333,6444.536667,5787.896667,124.5466667,3
125,0.306666667,33.35666667,24.49333333,27.20645168,384.5460737,0,50.43666667,399.2441692,0.71,1.58,0,-33.36504898,0,296.0546932,1211554.88,885054.1667,326500.7133,1
126,0.7898,18.02739255,14.61,37.88834067,209.0770677,0,0,233.9125678,2.370333333,3.845233333,0,3.094533972,0,21.81139888,14453.21667,9428.896667,5024.32,3
127,0.686666667,6.743333333,0,10.18844024,743.1630508,6437.436667,0,1167.030404,1.22,3.38,0,34.98953304,0,11.21615269,10049.54667,9036.306667,7450.676667,2
128,3.596666667,21.86887985,0,83.55386635,111.8496987,2173.826667,0,113.9723924,21.84666667,5.71,0,0,0,1.894479644,856.36,132.5033333,2897.683333,5
129,0.676666667,19.57,7.013333333,41.98754163,186.5305871,2398.096667,0,205.6804146,3.363333333,1.286666667,0,-4.536385507,0,15.35930405,4637.94,2916.01,4120.026667,2
130,4.38,63.14,55.51666667,10.59333333,419.1389843,14846.80667,0,419.1389843,0,17.20333333,0,6.719813561,0,9.701864456,1773.843333,2385.706667,14234.94333,2
131,14.13666667,7.88,6.603333333,36.1833177,291.9550713,10670.33333,11.56666667,305.0943024,20.32333333,43.70666667,286.6666667,-73.82065845,-32.71333333,0.431716717,1184.666667,734.6666667,11120.33333,3
132,1.929933333,19.19796056,9.253333333,63.27936382,116.3199798,11374.42333,5.766666667,158.0324032,4.626166667,5.234,0,-6.712523673,0,4.485870199,8860.79,2999.153333,17236.06,3
133,0.78,8.393333333,8.27,18.52103319,643.7244703,5537.34,12.35333333,654.8365718,19.39,6.006666667,0,105.6032815,0,9.899400791,7507.026667,6049.113333,6995.253333,2
134,0.996666667,19.10589264,10.23666667,60.53346591,106.9771481,107987.4933,8.423333333,164.4741025,2.283333333,3.026666667,0,4.623299307,0,6.496666667,73672.58667,29011.08333,152648.9967,1
135,0.953333333,3.036326264,1.393333333,63.32894483,102.3732411,3775.006667,0,110.6426076,10.05666667,4.42,0,10.41416308,0,1.634539295,4471.396667,1621.39,6625.013333,4
136,0.843333333,32.06333333,24.76666667,35.68867598,255.8723046,3148.163333,79.68333333,256.472423,13.24333333,2.753333333,0,21.31027819,0,38.64710351,4899.94,2880.53,5167.573333,3
137,0.536666667,18.86,9.296666667,54.84693245,159.6920995,3066.146667,0,174.0642195,2.836666667,3.766666667,0,0.126525326,0,21.01902114,6094,2762.6,6397.546667,3
138,2.133333333,3.073333333,1.256666667,78.83,124.6320031,1186.719751,29,126.1131125,130.2366667,5.063333333,0,1.25344644,0,0.413949365,1591.373149,136.52948,2641.56342,4
139,0.8895,25.58,-3.743333333,76.81345672,222.5011828,1068.746667,-886.0466667,233.9559692,24.53333333,4.9203,0,-85.67152141,0,-8.110380441,1240.896667,345.7466667,1963.896667,4
140,2.48,4.796666667,8.396666667,17.13065908,233.134219,1380.773333,0,275.8755924,11.73,5.366666667,0,0,0,2.583333333,519.2933333,379.6,1520.466667,4
141,0.366666667,7.597906199,5.163333333,54.62264156,178.3683251,847.7333333,16.37,190.5149765,4.39,1.033333333,0,-76.30757173,0,16.22350513,2298.09,1242.016667,1903.806667,3
142,0.69,16.49524943,15.45333333,27.47663096,388.3204073,2403.736667,0,439.7582649,2.223333333,94.10666667,0,-128.6648661,0,26.03741452,4200.83,3402.343333,3202.223333,3
143,0,0,0,0,0,0,0,0,0,0,0,0,0,0,0.283333333,-2.116666667,2.4,4
144,1.803333333,60.71,39.61333333,45.31329314,208.0225583,35041.42333,0,208.0225583,0,7.963333333,0,50.03952884,0,28.67274429,21258.2,11579.64,44719.98333,2
145,1.04,12.23503323,11.31333333,27.34639154,244.988921,7416.566667,0,265.3092557,15.62666667,3.23,0,41.14051102,0,11.98587625,7724.033333,5711.51,9429.09,2
146,0.92,8.386666667,6.83,65.20154535,67.84887078,4843,4.006666667,85.29063588,8.096666667,4,2096.666667,8.123631989,5.59,4.631844618,5702,1989,8556,3
147,2.63,33.95666667,26.32333333,37.32154166,2167.66,2127.333333,0,2267.690091,77.95666667,5.403333333,0,-761.4471478,-6.776666667,12.69574187,1318,947,2498.333333,4
148,2.993333333,32.07629401,26.37,32.58980862,1071.694436,8477.276667,0,1445.098367,23.40666667,10.77,0,46.88946997,0,6.926801038,2965.013333,1935.77,9506.52,3
149,0.526666667,5.718837664,3.9,59.95194747,100.5398413,94999.61,2.63,128.738588,2.236666667,1.373333333,0,1.927525223,0,4.815015187,190738.19,75444.92,210292.88,1
150,0.64,91.08666667,11.97666667,47.37713618,101.7369547,199.8433333,0,105.3817541,6.566666667,1.656666667,0,21.27308111,0,7.47,133.07,62.13333333,22.90666667,4
151,0.3,9.896666667,9.623333333,8.786907968,922.7474553,22503.56333,0,930.8123598,4.276666667,0.783333333,0,-24.86863455,0,48.23083701,80242.10333,73044.96667,29700.7,1
152,1.493333333,29.09175346,25.32666667,24.02320303,203.3421105,15119.96,0,258.7390463,7.593333333,17.47666667,0,26.68806141,0,22.54227363,11568.72,8869.126667,17819.55333,2
153,0.91,0.981425457,0.393333333,23.8028769,249.0134142,939.3,1.286666667,274.4479046,11.81666667,8.053333333,0,67.92098376,0,0.396415717,1332.49,1012.016667,1259.773333,3
154,0.496666667,22.83787102,12.30333333,52.46503789,140.1047873,29437.64,0,175.0724355,1.493333333,4.836666667,0,10.0925965,0,27.32333333,56195.28333,26479.97667,59152.94667,1
155,0.543333333,6.873333333,6.376666667,42.65076534,119.0066667,3534.666667,12.22,119.3449261,0,14.99666667,744.6666667,33.13147147,12.91666667,10.30717641,6852.333333,3925,6462,3
156,1.0793,29.70179909,14.05,49.33761683,211.3232273,7759.486667,35.71666667,239.939349,15.38133333,3.0311,0,72.95742331,0,13.79247042,7455.233333,3875.856667,11338.86333,2
157,0.543333333,4.93,4.093333333,35.28416158,150.3457892,0,15.77,187.7239103,2.736666667,2.556666667,0,11.87775545,0,-97.5903255,245856.75,165845.0733,-90529.76667,1
158,0,-9.7,-4.156666667,32.78465463,330.4104682,8058.293333,0,330.4104682,2.736666667,2.556666667,0,37.66215206,0,-236.8123129,10338.91,5879.353333,-996.0533333,3
159,1.12,28.40641095,0,22.03972506,362.0795998,0,18.10666667,362.06,0.936666667,16.39,0,-170.3258704,0,18.52977129,1037.213333,774.0566667,254.7433333,3
160,0,16.63666667,0,50.14861498,136.4624118,121891621.7,6.473333333,195.2396829,2.143333333,3.37,0,9.108392195,0,62.85592991,143135686.6,71347240.59,10647164.3,3
161,0,-12.26602281,-12.90333333,19.73794945,685.7847822,2849.373333,0,758.0775705,0,0,0,-437.3495177,0,NaN,6592.6,3494.203333,-273.7633333,3
162,1.033333333,13.90236896,13.54666667,18.0763001,358.9298129,3550.35,2,520.3631045,2.003333333,3.036666667,0,35.69952374,0,63.26788229,3803.96,3066.55,451.74,3
163,0.616666667,4.126666667,0,45.42333333,79.40666667,0,3.2,1075.793938,0,10.60666667,0,-311.4775987,0,39.12622497,2889.08,2680.913333,269.1566667,3
164,1.39,898.2958594,-9.276666667,115.1916336,86.54753871,7396.97,0,87.51219839,0,2.866666667,0,-6.262285302,0,162.5860537,6691.05,252.8833333,478.6,3
165,0.763333333,15.03333333,0,30.44311353,175.8012273,0,20.4,175.8012273,0,2.446666667,0,43.06998981,0,18.75731377,20143.91667,13949.70667,1794.046667,2
166,2.33,27.84258538,0,33.32263184,199.7780684,21510.35333,1.436666667,175.7624431,8.006666667,6.213333333,0,16.47184263,0,0,18212.30333,12336.65667,3448.993333,2
167,0.793333333,-42.99277392,0,70.05177458,129.0329357,1043.223333,0,139.2843786,5.633333333,3.486666667,0,-3.663588202,0,-23.36160262,1407.686667,431.8366667,-88.8,3
168,0.533333333,23.73666667,0,29.35381543,88.53372249,11953.90667,0,133.920036,1.12,3.84,0,22.56658282,0,17.18713668,26543.53,7035.613333,1633.75,2
169,0.363333333,57.48597676,38.85,3.464756129,1399.440995,1556.666667,0,1399.440995,0,0,0,-183.1612453,-42.22,78.2626567,4014.666667,1827,513.3333333,3
170,0.67,2.867309854,1.316666667,58.6286607,121.1019467,1415.933333,9.143333333,171.276687,2.15,5.306666667,0,-2.516165813,0,6.389334656,2446.22,960.9,27.39666667,3
171,0,-126.5366667,-23.76333333,55.51288482,43.00351473,2405362.377,0,76.72067029,0,0,0,0,0,-41.88113852,10790351.72,884594.3533,-1721426.093,4
172,3.47,6.866666667,0,1.794035044,5560.579296,0,0,6646.404274,18.73,14.37,0,-207.2369605,0,2.585892679,1330.48,1306.846667,69.47666667,3
173,0.653333333,2.351910407,3.146666667,46.20735274,135.5049793,882.3333333,0,183.2107465,1.41,0,0,-16.62037241,-6.01,1.529934453,1376.333333,751,25.33333333,4
174,64.84333333,-40.55666667,-36.70666667,9.332686407,4082.203333,50.12333333,0,4082.203333,0,0,0,320.6667621,0,0,52.43,63.60333333,50.12333333,4
175,0,10.62601063,7.193333333,35.13760774,149.5806623,341.0833333,2.546666667,164.298882,1477.37,450.2266667,0,4.241651936,0,0,1335.15,858.48,96.14666667,3
176,0.9,12.27,0,35.08367657,129.4908053,0,16.29333333,229.9373049,1.45,3.723333333,0,20.32876436,0,9.43809579,20533.16667,13330.10667,1486.556667,2
177,0.613333333,-2.088068836,16.52,10.14234101,1594.86513,406.3333333,0,1594.86513,0,0,0,-433.7179487,-51.43333333,-3.976948048,1138.666667,1045.333333,48.66666667,4
178,3.313333333,3.793365865,0,32.82400252,196.3862565,20992.38,0.386666667,323.1391452,11.03333333,26.60666667,0,5.843887209,0,20.17645296,4906.503333,4276.69,163.1733333,2
179,0,26.76314666,0,35.07752627,265.8817288,24471877.26,2.04,281.7963851,6.34,1.233333333,0,41.93745684,0,218.3876229,66846445.61,44007490.73,12084122.67,3
180,0.806666667,32.86136064,27.06,30.93891412,341.2374482,2918.726667,0,341.2374482,0,2.653333333,0,58.17461385,0,160.6571972,3604.786667,2834.563333,947.23,3
181,0.606666667,13.53,8.243333333,51.34906099,155.6118008,121930.3333,22.83,177.5285122,5.06,0,15905,17.72879069,8.213333333,14.45514972,203797.6667,99254.66667,13054.33333,1
182,0.606666667,8.241018462,4.83,56.34816195,97.72780044,9228,11.01666667,140.0334945,5.06,2.506666667,1578.333333,-4.077245599,-5.723333333,7.218582546,14513.33333,6379.666667,478.6666667,3
183,231.27,17.7987753,25.27666667,43.76985417,250.7595722,1787.2,0,250.7595722,0,526.52,0,55.61722145,0,0,1278.056667,821.8233333,333.91,3
184,25.22333333,-4.554528637,-3.883333333,14.28344236,352.6921691,196.8966667,0,352.6921691,0,205.3766667,0,18.18784479,0,-22.85666667,151.0766667,694.7066667,-24.64,4
185,0.723333333,27.54170685,12.34,60.29591122,116.3143351,56222.57333,0,145.3714236,3.4,1.746666667,0,6.707540146,0,90.76191709,78834.02,31350.30333,8340.993333,1
186,1.02,53.88666667,0,34.67426555,400.0342556,0,55.87,431.920825,6.733333333,3.21,0,-84.02069189,0,28.06496118,4771.796667,3339.263333,859.6566667,3
187,1.206666667,11.38461168,11.1,27.71688395,277.8894538,8241.533333,12.32666667,297.0912297,6.733333333,3.21,0,17.22075024,0,52.27369958,7211.636667,5267.216667,586.3633333,3
188,1.203333333,50.92,37.88333333,32.93891109,147.7150741,2280.146667,1029.116667,233.8823898,3.18,6.676666667,0,96.34313459,0,45.75990732,2721.68,1854.516667,644.92,3
189,0.48,-17.47666667,0,2.698816889,1849.65908,190.9966667,0,1849.797242,200.4633333,2.033333333,0,0,0,-12.66258553,745.73,696.3333333,3.716666667,3
190,0.4,16.89333333,0,81.34380762,59.41605848,2264.296667,5.546666667,66.74400758,200.4633333,2.033333333,0,7.479495795,0,7.775666788,6183.993333,1203.73,191.7933333,2
191,2.226666667,4.782984462,1.673333333,72.20035743,117.8025413,1619.82,0,143.4766396,12.02333333,5.643333333,0,-28.24824664,0,3.477355774,824.1266667,260.0966667,5.056666667,4
192,0.32,3.201879875,3.136666667,20.66601458,251.0788605,71227.14,-0.66,344.1642067,1.123333333,0.95,0,-3.287535206,0,10.40088532,243692.4267,189582.2067,5567.446667,1
193,1.163333333,15.26740873,8.426666667,55.6775496,134.0079565,91595,0,146.2342357,13.27666667,2.966666667,0,5.675203743,0,61.29503596,94702.62667,41956.66333,5662.213333,1
194,0.753333333,7.686666667,56.20666667,31.71323518,184.1806189,1477.406667,0,275.5628113,2.1,3.446666667,0,-29.89903896,0,9.42745545,2138.683333,1482.033333,114.02,3
195,1.303333333,2.149267202,2.376666667,50.81854892,108.9374257,6057.683333,0,108.9374257,463.3233333,4.486666667,0,-5.741917897,0,4.338712121,4793.526667,2361.806667,55.81666667,3
196,0.663333333,17.23333333,12.52666667,41.34126587,64.75989069,4359.323333,9.913333333,125.069176,2.296666667,6.426666667,0,-7.745525661,0,19.56721127,7455.783333,4352.583333,696.72,3
197,0.873333333,6.973333333,6.973333333,43.91708851,258.4642383,4277.816667,0,266.239735,26.59333333,7.8,0,-7.501005235,0,25.24510501,5159.93,2843,253.5266667,3
198,6,1.637504571,1.66,3.034411838,2944.931162,6805.51,0,3133.35739,69.33333333,1014.333333,0,120.1905951,0,24.27497178,112206.5567,108793.12,10218.94667,2
199,80.66666667,15.21937861,9.046666667,48.47861943,173.5088129,6196.573333,0,197.639427,429,141.6666667,0,-32.15587736,0,15.28456973,9834.78,5336.973333,10694.38,3
200,91.33333333,-48.70212648,-38.00333333,56.83856024,69.81125954,0,0,69.81125954,0,1160,0,-121.6894649,0,-22.15688847,2611.883333,1961.583333,650.3,4
201,11193.33333,44.05832788,45.87,24.0102651,384.2761674,0,-45.09666667,414.5558445,50528.66667,792.3333333,0,162.4029116,0,62.31132553,8180.13,6274.903333,1905.226667,2
202,68.66666667,18.42,14.3,43.88388394,727.1632389,0,249.5666667,735.3737925,1089,469.3333333,0,-300.859549,0,39.84302282,5886.4,4928.646667,957.7533333,2
203,9843.333333,25.5,20.93666667,35.59545351,167.4546979,9853.996667,0,216.0057605,78843.33333,33680.33333,0,9.67535452,0,33.91333333,11285.99667,7260.02,1954.03,2
204,9626.333333,77.74,15.63,60.2393814,136.8775357,2071.3,0,165.2136472,34124.66667,11291.66667,0,15.11552315,0,14.90333333,2183.003333,822.19,318.2333333,3
205,246.3333333,3.82,4.863333333,60.8701587,64.15131688,3435.173333,8.963333333,81.74101395,565.6666667,840.3333333,0,0,0,0.206450293,1317.323333,509.7866667,4242.71,3
206,50.66666667,30.44735327,18.68333333,38.97914803,162.8672287,0,0,162.8672287,48.33333333,10185,0,66.4350305,0,33.82615512,10127.21667,6245.38,3881.836667,2
207,101.3333333,18.24309745,0,12.87105092,385.7741274,0,255.6466667,390.7254328,7.771066667,13.18663333,0,-40.10609697,0,23.03192129,527.0633333,448.96,78.10333333,3
208,66.33333333,20.51260001,18.34333333,23.71701666,488.5439072,3747.466667,0,548.7783495,255.3333333,98.33333333,0,-12.3764897,0,50.92828636,6431.466667,4927.52,5251.413333,3
209,77.33333333,8.216535387,1.396666667,60.84250643,126.4760855,4847.11,0,157.6484766,439.3333333,131,0,-14.72239736,0,5.290032526,6131.21,2393.81,8584.51,3
210,194.3333333,6.746527003,6.9,50.16101017,135.8164703,7193.333333,8.853333333,194.3052784,652.3333333,1136.333333,579.3333333,-4.348318145,-0.236666667,3.237313916,4190,2224.333333,9159,3
211,8457.666667,4.727341309,3.033333333,49.66535778,68.49647988,5109.703333,0,102.5142189,30094,102893,0,5.644091832,0,3.103333333,6411.96,3212.136667,8309.526667,3
212,96.33333333,10.11871317,9.27,4.676024379,4376.646478,5991.54,0,4424.260857,371,798.3333333,0,-318.9913596,0,14.17206003,7957.993333,7359.563333,6589.97,2
213,125.6666667,6.869339388,8.506666667,49.19390729,125.2823198,30863.41,5.096666667,161.1492235,487,501.6666667,0,13.94169753,0,7.114083249,26036.14667,26515.41,30384.14667,2
214,12830,30.32512306,0,68.49099088,97.64828457,20419.66,0,164.917237,24472.66667,50817.66667,0,-2.885657956,0,10.27333333,17243.10667,5444.57,1608.536667,2
215,15483.33333,77.02477403,-204.1166667,360.2184219,24.75009216,7660.386667,0,24.75009216,0,0,0,0,0,-52.82,5709.86,-14136.24333,27506.49,2
216,49.33333333,-23.0457502,-3.49,80.75717536,82.95561377,0,32.92333333,88.65587332,739.6666667,111,0,11.53196248,0,-8.88117543,58091.03667,10674.65333,47416.38333,2
217,143.6666667,21.30108351,9.64,63.40204516,116.3244575,8964.143333,0,116.4316303,12489.66667,669,0,6.183635195,0,6.653453552,6457.29,2383.93,13037.50333,3
218,46.33333333,-105.4286818,-7.356666667,79.44494297,66.25191611,346.9533333,-667.5233333,124.6089039,17.66666667,118.3333333,0,1.242414047,0,-16.00612938,705.18,151.0533333,901.08,4
219,189.3333333,8.005961971,6.44,34.27063299,873.8279614,1219.856667,0,873.8279614,0,1226,0,0,0,3.690438362,711.1766667,391.3733333,1539.66,3
220,159.6666667,13.90928984,11.65,51.30244539,136.8733584,3269.333333,12.88333333,191.2605666,641.3333333,697.6666667,400,-0.109869053,5.183333333,9.553335901,2982.333333,1449,4802.666667,3
221,159.6666667,-1.695356573,-0.533333333,74.17059188,74.64289388,1559.063333,0,89.71625101,1032.333333,230,0,13.30690533,0,-0.782866191,1887.57,480.6866667,2965.946667,4
222,97.66666667,1.518642623,2.976666667,37.82464327,272.0070549,1401.276667,6.603333333,311.9469914,1219,121.3333333,0,-36.38301388,0,1.758483931,1492.993333,943.9633333,1950.306667,3
223,66.66666667,36.06698482,31.75333333,29.27785916,377.6210344,10967.72333,-123.6466667,394.7241512,234.6666667,142.6666667,0,65.58883981,0,81.06209448,17640.89667,12649.21,15959.41,2
224,48.66666667,2.859094537,0,12.02102016,1361.526696,741.5533333,0,1361.536316,0,1209,0,-193.9904917,0,18.15814324,1647.596667,1510.71,878.44,3
225,284,10.37618219,5.48,62.37707293,141.3298103,3909.633333,0,158.8768285,2331.666667,677.6666667,0,2.06042292,0,2.196663838,1504.486667,571.89,4842.23,4
226,199.6533333,26.91887477,30.13333333,24.09228439,491.8168217,4241.56,18.54666667,491.8168217,0,522.71,0,-11.72383201,0,20.47016567,4607.783333,3971.443333,4877.9,3
227,136.1666667,15.76575843,12.16666667,33.87327315,255.6119846,5701.21,0,293.2788612,1109.713333,392.9233333,0,-10.92316569,0,9.643333333,4457.716667,3006.926667,417.4666667,3
228,0,12.69323809,0,40.34859318,190.8173812,10719.02333,66.40666667,241.5383573,265.6666667,134.3333333,0,0.455731856,0,20.01901099,18139.22333,10800.88667,18057.36,2
229,0,-37.36214917,0,33.03647131,150.4456038,0,-1.686666667,217.5219502,0.933333333,0.79,0,-1.892057886,0,-102.6358081,68888.54,48040.29667,20848.24333,3
230,77.66666667,6.800717467,9.09,4.115616572,3719.158463,11480596.74,0.466666667,3942.067312,283.6666667,277,0,-562.8681359,0,15.09994615,15183639.15,14562604.59,12101631.3,3
231,49.66666667,26.82282546,22.22666667,29.97583455,294.1364244,5137.156667,19.42,298.05094,270.3333333,181.3333333,0,-33.84266817,0,52.6191537,12265.76667,8917.296667,8485.626667,2
232,69.66666667,8.676960857,3.946666667,62.78700928,147.1018358,5349.516667,0,167.3889374,270.3333333,181.3333333,0,0.927794055,0,5.605106786,10349.57667,3202.07,12497.02333,3
233,58.66666667,-35.36041779,-23.95333333,35.5896467,199.9650449,1208.936667,0,279.7952412,234.3333333,117,0,-0.302639632,0,-36.34398492,1971.126667,1304.606667,1875.456667,3
234,0.666666667,-67.79710536,0,22.20045413,49.73683617,5.826666667,0,49.73683617,0,0,0,-12.4098368,0,-32.39478969,296.0633333,98.88,203.01,4
235,94,7.301545896,10.92,38.66860139,284.0365444,1484.8,30.41333333,341.417903,626,331,0,-27.54224897,0,17.080661,2285.123333,1639.61,2130.313333,3
236,107.19,8.819850068,4.206666667,65.64582481,114.1176612,118934.8233,0,160.7968504,396.87,410.77,0,7.159926999,0,5.376666667,102603.2333,54957.39,5128.813333,1
237,1.88,56.83192028,0,76.61892742,109.5248824,30588.88667,0,131.0901856,3.363333333,8.546666667,0,3.399917544,0,404.2038604,55082.02333,47064.48333,38606.42667,1
238,0,-228.8338263,0,48.82903412,179.8518195,0,8.68,182.88101,96.71,2.023333333,0,17.82408284,0,-99.88477648,3190.043333,1638.676667,1551.366667,3
239,0,320.4639447,0,25.65808868,478.8949317,6810.923333,0,484.1517783,96.71,2.023333333,0,-61.33391742,0,0,8187.833333,2083.423333,12915.33333,3
240,1.386666667,0,12.69,104.8026961,89.42246386,7142,-3.906666667,99.3564355,41.14,0,980,-5.757729896,2.81,0,6088,1980,11250,3
241,1.386666667,0.190141614,0,33.67829962,242.5195657,2634.776667,0,244.731218,41.14,12.50666667,0,-53.98483845,0,0.446158023,6550.59,4355.64,4829.726667,3
242,0,0,0,25.98060203,360.8001032,4796.596667,0,631.2518828,0,0,0,52.44475081,0,0,6080.886667,0,10877.48333,3
243,0,9.926250987,0,41.17085845,86.13128358,30583551.45,5.986666667,165.7999199,1.9,7.773333333,0,-21.14857537,0,120.1671112,38911766.02,23205572.12,46289745.34,2
244,1.096666667,30.32963463,0,10.51856123,939.2175373,4469.003333,-116.9833333,939.2175373,4.833333333,3.463333333,0,230.9298901,0,52.28113135,5023.813333,4484.676667,5008.14,2
245,0.846666667,-62.99400839,0,20.97832271,257.9863567,0,148.55,341.6036901,2.26,4.85,0,90.9290681,0,-93.97229454,2657.423333,2117.62,539.8033333,3
246,0,0,0,48.29141703,78.61254038,0,448.31,131.7611078,2.26,4.85,0,158.379561,0,-93.29738338,1282.956667,0,1282.956667,4
247,1.466666667,0,25.15333333,34.51379107,274.3941232,4109.666667,0,274.4447049,2606.666667,0,83.66666667,-8.031915707,-5.29,0,3361,2901.333333,4569.333333,3
248,1.466666667,833.4792966,0,2619.623979,106.9761242,14540092.82,145.7633333,113.2730096,2606.666667,4.746666667,0,0,0,1582.122745,21344439.88,999932.7067,34884599.99,3
249,1.516666667,30.44071854,0,71.29689787,100.8769342,2805.233333,0,131.5391138,2.276666667,34.8,0,3.822591051,0,9.340043414,2146.983333,720.51,4231.706667,3
250,1.663333333,0,11.20666667,77.46089722,58.01478818,6815.333333,31.09333333,128.1637742,3.093333333,0,266.6666667,-4.499304012,-2.93,0,4826,1197.333333,10444,3
251,1.663333333,57.12295404,0,183.898185,39.5494291,0,0,39.5494291,3.093333333,7.903333333,0,-17.37822392,0,-19.18316266,220.58,-168.6666667,389.2466667,4
252,1.54,-321.6514237,0,61.35391658,115.1928935,0,9.11,115.2295614,5389.146667,9.636666667,0,-2.03047359,0,-99.46968281,5239.996667,2173.686667,3066.31,3
253,0.753333333,1919.898344,0,44.84333333,86.68567892,934.5266667,11.76,214.4349074,5389.146667,9.636666667,0,24.33832857,0,231.5534969,1250735.667,43.57666667,1251626.617,3
254,1.716533333,11.40067739,0,49.12038893,123.6665014,0,4.573333333,182.6749206,4.096066667,2.61,0,140.2147066,0,3.419801079,2173.133333,1068.12,1105.013333,4
255,0.853933333,NaN,0,52.67467744,83.36745227,0,NaN,137.3496253,0.723266667,121.1540333,0,13.10850993,0,3.078260541,4259.633333,2050.316667,2209.316667,3
256,0.646666667,-74.09104242,0,22.99387462,363.6590861,0,0,436.1491503,2.826666667,1.556666667,0,35.87221149,0,-93.44325906,16249.53667,12623.51333,3626.023333,2
257,0.653333333,-102.1846058,0,70.44850405,81.79269102,0,0,132.637564,0.946666667,3.113333333,0,0,0,-99.95665053,10171.86,7626.553333,2545.306667,2
258,0,237.2586868,0,43.21313999,144.5245458,35001.31667,0,180.8073843,0,0,0,2.2192213,0,0,41186.05667,14955.85667,61231.51667,2
259,1.57,-162.2593644,0,39.49891368,182.7127654,0,0,193.4076058,0,2.266666667,0,5.945878951,0,-100.2795249,5423.13,3261.006667,2162.123333,3
260,1.916666667,16.45944131,0,34.69206408,146.5684341,5651.76,37.12666667,146.5684341,0,11.25333333,0,0,0,10.19798678,3923.69,2551.65,7023.8,3
261,0.553333333,-9.186666667,-7.86,9.039532365,663.5808597,1525.74,0,694.7192391,8.033333333,4.67,0,-131.3148411,0,0.893945936,4401.9,3801.873333,2125.766667,4
262,0.526666667,4.400530809,4.37,30.45713457,177.9304101,1891,6.553333333,181.2660079,33.28333333,0,376.3333333,10.77563594,-7.123333333,7.041303455,3628,2701,2818,3
263,0.526666667,11.74,0,41.79626885,154.5492834,2040.983333,13.26666667,238.1673782,33.28333333,5.786666667,0,-48.38088687,0,0,2791.546667,1765.9,141701.6667,3
264,0.526666667,50.80364605,0,22.34125953,319.076193,24471877.26,2.04,342.002496,2.056666667,2.56,0,209.317954,0,424.7146549,70118839.84,44007490.73,50583226.37,3
265,0.75,0.450507241,0.76,13.2251332,841.4272276,1014.593333,-14.74,867.6213372,8.32,4.663333333,0,-188.5982144,0,1.428528531,1611.676667,1442.823333,1183.446667,3
266,97.55333333,0,0,39.62780055,106.4269915,5673.22,0,124.6646341,0,287.5333333,0,5.028574862,0,0,11031.5,0,16704.72,2
267,0.96,22.54805155,0,33.9208907,219.7192467,0,41.34666667,219.7192467,0,4.266666667,0,0,0,21.12288096,705.6133333,467.1933333,238.42,3
268,1.123333333,-11305.70489,0,75.93874389,115.2430902,0,0,146.283287,2.68,4.266666667,0,0,0,-100,704.3333333,673.9166667,30.41666667,4
269,0,285.2599357,0,40.09115534,301.1182443,147569338.7,-4.346666667,301.1182443,0,13.50333333,0,522.8331396,0,436.5163729,91589096.18,48338636.48,190819798.4,2
270,1.118166667,25.26,0,24.40085208,409.5986579,0,187.3266667,464.4570707,3.151266667,2.423333333,0,-26.91525115,0,-116.4896958,6711.58,0,6711.58,3
271,1.046666667,116.8795599,-10.46666667,48.74143761,605.9434049,584.8666667,-154.4466667,684.6426436,1.456666667,4.31,0,-257.4717241,0,-20.48338213,783.2566667,662.0033333,706.12,3
272,1.713333333,0,6.6,75.27822149,103.6786222,9889,6.8,126.3089902,8.52,0,297.6666667,6.122690234,8.85,0,6692.333333,1513.666667,15067.66667,3
273,1.713333333,13.12032529,0,37.53433715,141.1843819,0,1.906666667,143.4768446,28.1,3.03,0,51.45147247,0,15.18205295,71828914.63,39229903.79,32599010.84,3
274,0.42,2.023333333,0.966666667,24.35476204,224.3343217,539.2966667,0,266.9700937,4.463333333,4.973333333,0,-3.92829035,0,3.011828634,1344.71,0,1884.006667,4
275,0.853333333,6.52838013,0,63.92169485,92.0109673,9663.953333,0,108.5466087,6.176666667,4.233333333,0,-9.544839105,0,3.455627612,11192.44,4030.056667,16826.33667,2
276,0.3,20.94541531,0,61.65262138,85.41222347,0,15.38333333,86.18690694,68.85333333,4.653333333,0,8.276241188,0,38.08849636,77061.19333,28802.93,48258.26333,1
277,1.063333333,289.6335412,0,35.78124678,1191144.008,566.86,-178.3166667,1191144.008,3.546666667,18.02666667,0,-64440.72339,0,147.8804423,582.0166667,600.7433333,548.1333333,3
278,0.773333333,-93.80566778,0,34.03410466,127.7860235,0,8.86,197.0909895,2.083333333,4.983333333,0,33.49703831,0,-98.6244511,15676.20667,10832.8,4843.406667,2
279,1.71,101.2425215,45.51666667,28.01913914,3.08,4430.283333,0,3.193333333,2.083333333,4.983333333,0,66.16331335,0,134.9071972,4052.55,2793.29,5689.543333,3
280,1.11,18.92384879,11.09,50.0668946,125.3029962,58650.11667,0,182.0780858,2.126666667,2.833333333,0,2.650073624,0,10.61255972,62559.74667,27604.14,93605.72333,1
281,0.47,1.509891039,1.086666667,55.51460056,62.42123854,3506.423333,5.34,111.2924519,2.233333333,5.233333333,0,-56.33489302,0,2.074950741,9115.99,4960.33,7662.083333,3
282,0.466666667,-29.84122073,0,12.48213298,645.2502133,0,31.54,651.7217168,8.706666667,1.05,0,47.97988231,0,-85.72249925,17001.18333,15064.18333,1937,2
283,0.996666667,-7.732123681,0,102.8931324,70.73392854,2134.433333,0,70.73392854,8.706666667,1.05,0,5.66581056,0,0.642030134,2180.093333,162.44,4152.086667,3
284,0.643333333,2.526666667,2.473333333,7.219584348,579.0381549,502.72,0,673.0368032,5.93,5.803333333,0,-8.419294626,55.34666667,5.509107922,769.5866667,683.7633333,588.5433333,3
285,0,15.49090782,0,36.85873594,200.7498064,0,44.10666667,235.7377267,26.74333333,6.956666667,0,45.34912806,0,8.005313064,29414.44667,9672.413333,19742.03333,2
286,52.07333333,-3.226666667,-5.18,27.10666667,426.656301,710.1,0,528.4388513,155.67,402.2333333,0,-460.3080324,0,-5.28,1735.663333,0,2445.763333,3
287,148.3066667,497.473963,11.08333333,12.59930149,715.5075707,2538.223333,0,782.4580959,889.03,390.0133333,0,94.51618108,0,13.14,3167.576667,766.3733333,4939.426667,4
288,0,16.71959287,0,68.59516788,68.95765885,0,8.47,80.22757812,2.919566667,4.596666667,0,6.896341927,0,0,14692.14,3503.566667,11188.57333,3
289,30.53666667,95.03,-113.0466667,66.24336618,122.08,74.98,0,122.08,0,144.58,0,13.00109187,0,-87.08333333,352.9566667,0,427.9366667,4
290,0,-15.4617906,0,45.90049581,169.3271274,0,-6.243333333,210.737478,4.113666667,4.733333333,0,216.2692307,0,-4.901243749,1165.486667,633.8333333,531.6533333,4
291,84.52,5.446666667,0.886666667,74.17466256,106.5353931,3628.84,0,120.1271707,552.2866667,398.4833333,0,16.25207146,0,1.063333333,5612.19,0,38.14,3
292,0,31.47315352,0,35.38456746,309.9752386,62687133.01,1.966666667,310.0956689,1089.193333,1.656666667,0,-25.02282819,0,41.0592644,86652255.18,49077069.54,100262318.7,2
293,1.07,6.1477501,0,46.56643533,145.5715272,6530.266667,0,145.9055267,452.6766667,3.163333333,0,3.881577142,0,0.322844347,6928.7,3597.403333,9861.563333,2
294,64.89,-204.0266667,-19.48,71.77927539,145.7937727,3209.403333,0,159.9116277,1172.486667,30239.78667,0,-65.20803565,0,-24.19666667,4392.696667,0,-268.1766667,3
295,0,42.11549056,0,24.64144007,496.8180367,0,0,582.1602283,0,3.946666667,0,140.9430582,0,59.70739251,6151.576667,5160.89,990.6866667,2
296,0,-243.3922071,0,10.58597126,656.562634,0,1.193333333,667.3939701,56.87,2.336666667,0,0,0,-89.31216782,23876724.78,4159079.247,19717645.54,3
297,0.953333333,3.08758063,0,46.9592642,262.7652388,291.0433333,0,262.7652388,8.276666667,14.19,0,-24.36217125,0,6.18993335,279.8133333,130.11,440.7466667,4
298,0.773333333,-107.9516448,0,43.05254612,222.1432277,0,0,222.210553,279.51,4.236666667,0,-56.55644084,0,-96.65251299,10952.95,8503.333333,2449.616667,3
299,0.23,-10.62167152,0,5.176855091,167.6712381,443.6033333,0,271.0482036,1.55,11.68666667,0,-973.1100319,0,-55.95336122,1881.043333,2817.356667,-492.71,3
300,0,210.8848649,0,10.74943256,1923.505033,3360.986667,0,1923.505033,1.55,11.68666667,0,1091.598691,0,40.90333333,2387.566667,1724.473333,4024.08,4
301,41.72666667,9.265094162,8.356666667,7.88709509,1240.398114,37601.33333,0,1240.846165,59133.96333,182.61,0,94.87066822,0,43.44,99225.04,113535.7967,10539.40667,1
302,0.413333333,8.925159497,4.473333333,47.29514906,113.644259,15733.17,0,130.9660168,3.766666667,5.77,0,-5.782223205,0,11.13545992,44065.55333,16437.57333,43361.15,2
303,0.773333333,-82.13176487,0,7.406910262,2472.371889,0,0.853333333,2749.296793,7.313333333,2.253333333,0,78.85454534,0,-100.0012923,3310.466667,3077.496667,232.97,3
304,0.646666667,14.7487979,7.55,50.6334933,177.0439097,23541.26667,0,177.0651077,1523.253333,40.36333333,0,22.77912151,0,17.11235001,42380.66333,19944.87333,45977.05667,2
305,274.1633333,20.03647596,6.593333333,77.30972575,114.2219801,0,0,115.5713775,2397.036667,1140.686667,0,-5.763709336,0,2.87,3601.546667,826.91,182.6733333,2
306,2.333333333,16.94898901,11.05333333,85.30558131,59.7381032,29606.66667,4.32,106.0942414,6.426666667,0,4311,-7.07953098,-7.2,3.49784059,14290.66667,2331.666667,41565.66667,3
307,36.74,22.2164948,4.2,13.84446626,137.4140928,1159.323333,0,246.819477,101.8233333,1208.04,0,41.69705785,0,13.05333333,3926.226667,3013.416667,2072.133333,3
308,2.333333333,43.27408134,28.84,54.05168597,155.0684767,8887.666667,40.97666667,198.2934981,2.403333333,0,1166.666667,3.970769985,0.896666667,32.49975542,10793,5375.333333,14305.33333,2
309,0.476666667,-5.761032154,-0.836666667,41.90844716,162.144791,2608.813333,0,184.3171233,2.396666667,1.286666667,0,-2.108997386,0,-4.409656223,4302.35,2148.623333,4762.54,3
310,4.946666667,28.58391308,0,53.5907247,217.8267814,14528.59333,17.09333333,217.8267814,4.833333333,12.21666667,0,72.90773341,0,2.335762293,3621.213333,1231.496667,16918.31,3
311,1.493333333,-1.495284653,0,71.04997795,94.61263625,11901.93,3.663333333,99.65645233,39.26333333,20.65666667,0,6.333889216,0,0.555228264,7530.45,3145.46,16286.92,2
312,1.006666667,0.657366946,0,37.28469552,195.409841,512.33,-61.17333333,246.830517,7.986666667,2.666666667,0,-61.50589949,0,1.088220866,707.73,455.5433333,764.5166667,4
313,1.553333333,5.157881527,2.886666667,41.14697069,113.4607747,710.2566667,0,133.4491539,1.03,20.98666667,0,39.18330231,0,2.198800878,703.3233333,187.3466667,1226.233333,4
314,1.03,2.233333333,0,35.09418174,138.503035,1906414.667,2.303333333,138.503035,0,7.946666667,0,-6.514115868,0,0,1962.153333,1254.236667,27376.33333,3
315,0.8765,19.67107553,0,28.27533619,255.6855227,0,15.19,255.6855227,0,6.83,0,55.10836879,0,31.88479527,202079.0667,131313.57,70765.49667,2
316,0,54.47908933,0,302.6221587,22.58181322,0,-27.06666667,23.29252232,0,0,0,0.194732521,0,-16.0327677,18.32,-11.72,30.04,4
317,0,3.937723031,0,58.43775215,130.1114386,9903760.023,19.06,171.3173813,9.3,43.57333333,0,364.1135542,0,1.46613033,5789261.82,2397568.117,13295453.73,4
318,0,-13.37587509,0,61.44394978,101.4297814,3974.58,-2.426666667,118.5993547,9.263333333,5.53,0,-92.14481849,0,-17.37223551,6246.263333,7010.373333,3210.47,2
319,3.146666667,33.24411495,99.13333333,157.6574798,95.39348444,4160.333333,-7.77,127.8892694,2.803333333,0,340,-661.4759244,-53.61666667,-19.17913452,2056,105.3333333,6111,3
320,3.146666667,-97.39135165,0,66.30827477,45.28392863,0,0,161.6357466,2.803333333,67.06666667,0,-20.89831938,0,-99.69791057,288131.1133,142309.1767,145821.9367,1
321,0,5.606666667,0,68.8049858,123.4964631,0,8.6,126.5744063,6.536666667,0.543333333,0,29.51238953,0,6.523900911,15089.17,3639.963333,11449.20667,3
322,0.586666667,-9.253922509,0,67.93443972,55.16158508,2898.986667,0.436666667,131.8668718,0.716666667,2.086666667,0,-6.797305534,0,-6.05723381,5041.743333,1733.66,6207.07,3
323,1.163333333,40.94684153,6.56,31.75356473,160.8548446,2779.75,0,204.5580206,6.26,5.566666667,0,0,0,106.9797853,2554.783333,1652.54,3681.993333,4
324,0,14.3260091,14.67666667,22.23669741,329.8308495,7668.96,0,437.9591405,2.75,4.436666667,0,39.56311084,0,12.33853675,7353.543333,5580.103333,9442.4,3
325,0.586666667,-11.31149825,-6.89,20.75899891,433.9899465,1989.656667,0,433.9899465,0,2.046666667,0,56.27401913,0,-6.02231191,3899.873333,2579.026667,3310.503333,4
326,0.37,4.370576016,2.393333333,35.76016592,101.9380858,179.6,0,122.5340152,0.98,2.89,0,0,0,NaN,1559.776667,682.5133333,1056.863333,3
327,0,-3.983306121,0,47.77503637,224.8996078,0,-17.03666667,224.8996078,0,3.753333333,0,59.30815802,0,-3.314590926,1560.513333,847.3933333,713.12,3
328,0.813333333,10.46666667,0,42.30344713,52.17044375,0,6.91,69.80793345,10.37,6.906666667,0,36.64024149,0,0,27135.77667,15686.98,1535064.667,2
329,0,32.46175913,0,31.04932262,2.87,31177129.92,1.273333333,291.2487713,10.37,6.906666667,0,-8.711612978,0,17.87892946,18240550.69,14498732.77,34918947.84,3
330,0.6658,13.8578437,0,19.55647364,475.6129024,0,3535.776667,491.7647664,NaN,1.82,0,151.8686919,0,28.64729711,18161.59333,14253.01667,3908.576667,3
331,0.03,-17.7764975,0,39.629077,53.45290598,54.11333333,0,67.00745757,NaN,1.58,0,0,0,-56.11767386,938.2766667,1427.68,-435.29,4
332,0.23,9.728681817,0,3.955539594,814.6172174,0,0,824.3628153,7.023333333,5.936666667,0,-118.3455765,0,57.36200938,52047.41,6203.206667,45844.20333,2
333,0.723333333,12.06024207,0,56.52111411,134.9622521,0,0,168.5335542,7.023333333,5.936666667,0,-19.51173804,0,8.594250401,36486.61333,15515.79333,20970.82,2
334,0,-9.826973902,0,40.4218965,250.3406976,0,-78.91333333,250.3406976,0,2.903333333,0,77.68551267,0,-1.859182973,4010.93,2065.706667,1945.223333,3
335,0.29,3.768918888,0,29.25671382,208.5892088,3177.363333,3.483333333,234.4825798,3.566666667,10.83333333,0,25.3024785,0,8.601622763,12822.32667,7365.21,8634.48,2
336,1.53,17.56938426,0,30.62118006,308.9740308,26060.47667,9.833333333,327.4838433,9.343333333,5.156666667,0,47.34922107,0,33.58834397,40041.31667,30562.96,35538.83333,1
337,0.656666667,6.969568667,0,30.79486422,366.0244051,1332.473333,NaN,378.4291094,8.253333333,1.646666667,0,-15.50469208,0,4.792692564,2546.31,1743.946667,2134.836667,3
338,0.183333333,-155.5823772,-30.96666667,38.50940718,100.9654401,188.4666667,0,106.4969151,1.766666667,6.166666667,0,-141.88113,0,-59.65269956,1183.733333,867.7966667,504.4033333,4
339,1.31,13.62254566,0,17.19268358,841.054371,0,0,841.054371,0,10.73333333,0,-281.9575678,0,10.26887591,801.49,653.2666667,148.2233333,4
340,61.21666667,-1.730020091,-0.546666667,28.62633213,304.0060955,86020.53333,0,382.5996938,608.7066667,519.3833333,0,-1.696382209,0,-1.833333333,86638.81667,98484.2,74175.15,2
341,0,1.682271811,1.763333333,24.31835258,1693.958527,0,13.38,1742.340972,30.1,38.46333333,0,65.25351167,0,1.55406996,3662.463333,2520.603333,1141.86,4
342,1.016666667,53.4330321,0,55.24547536,104.005481,4454.216667,0,145.2872562,3.336666667,3.553333333,0,-1.871241321,0,35.71808936,3830.786667,1607.843333,6677.16,2
343,0.65,14.78316854,9.216666667,42.92634637,231.2178775,30743.00333,0,263.5996525,3.593333333,2.34,0,-29.4167347,0,16.83403831,55744.56667,33087.26667,53400.30333,2
344,1.033333333,-91.23371988,0,69.40609601,122.5967378,1221.24,0,123.0889187,295.3866667,5.506666667,0,0,0,-33.35044748,1780.67,487.94,2513.97,3
345,0.273333333,-0.845954155,0,36.7726706,286.347147,554.5066667,0,311.4741785,0.79,1.366666667,0,0,0,-1.357018472,1771.753333,1072.613333,1253.646667,3
346,1.31,4.559868887,8.963333333,54.46858109,61.02447853,2653.023333,0,108.7007698,3.146666667,31.00333333,0,0.976211314,0,4.180113138,2420.92,760.8766667,4313.066667,4
347,1.226666667,6.942935285,0,44.00512067,223.2092953,0,0,223.2092953,0,1.993333333,0,-46.45412045,0,3.985909884,8560.63,5026.25,3534.38,2
348,0.560366667,18.47707886,0,35.24932518,223.6234276,0,0,262.7699457,NaN,1.063666667,0,-11.54660374,0,31.15144589,31221.07667,21137.46333,10083.61333,3
349,0.6006,22.61411026,0,38.6265776,150.3555756,0,25.55666667,179.187778,NaN,1.56,0,31.70394562,0,35.78140018,12814.76667,7890.903333,4923.863333,2
350,0.573333333,13.61551345,0,41.33277344,168.8015883,0,30.64333333,209.9025476,2.026666667,2.876666667,0,18.56107925,0,20.9481326,16629.62,9882.933333,6746.686667,2
351,0.476666667,11.46348526,0,13.70335792,1219.287044,0,0,1219.346293,2.026666667,2.876666667,0,-41.89280158,0,31.03410885,1759.143333,1520.666667,238.4766667,3
352,112.7433333,20.35885435,19.21,22.68383483,376.1147611,17210.98667,0,401.9523359,2478.663333,345.43,0,-69.22970743,0,19.18666667,18965.09333,9366.003333,26810.07667,2
353,3.72,45.89351479,0,45.4800062,124.1696484,0,0,128.2821845,1560.66,5.736666667,0,0.435850504,0,9.409336993,2474.383333,816.4766667,1657.906667,3
354,1.2,2.450478035,0,37.71778341,175.8938276,3266.503333,0,181.6145513,50.13666667,5.616666667,0,4.854261638,0,1.369901452,2793.183333,1733.443333,4326.243333,3
355,0.59,-0.010451983,-0.146666667,20.58346509,67.33639867,751.38,-22.77666667,98.73635416,6.386666667,4.016666667,0,6.305179764,0,-9.789663178,3714.56,2252.026667,2213.913333,3
356,0,20.7694315,0,62.80954315,140.6767981,0,22.01666667,155.3227043,10.39666667,2.503333333,0,8.634423641,0,7.802527021,8652.936667,3226.376667,5426.56,3
357,0.7501,1.284144861,0,59.53970297,155.2409596,0,5.413333333,185.0521386,3.7055,2.668066667,0,-13.95680643,0,0.460150674,3110.646667,1034.616667,2076.03,4
358,0,11.27840914,0,64.65174985,80.76324586,2060.45,18.9,90.52057624,NaN,0,0,9.209554937,0,2.435435433,1074.59,385.8133333,2749.226667,3
359,0,17.17671921,0,77.2564522,75.12842816,117382011.6,9.556666667,89.84607933,5.583333333,3.126666667,0,19.36367873,0,4.554878235,145801489.1,28737486.61,234446014.1,2
360,1.17,15.88718545,10.46,55.02153936,133.136064,6300.333333,31.29,175.1088907,2.9,0,356.6666667,23.373819,10.00666667,8.498390756,6748,3043,10005.33333,2
361,0.903333333,10.16973941,8.03,18.94261612,472.1653337,4349.726667,-199.63,498.442353,7.793333333,3.11,0,-22.82738387,0,13.20779911,5934.25,4806.02,5477.956667,3
362,0,-1.045162707,0,2.149433325,2368.757076,0,0,2368.757076,0,0,0,0,0,-16.8013869,159.44,160.5333333,-1.093333333,4
363,1.103333333,20.57099043,0,59.75764674,142.5560842,0,6.046666667,173.0110462,2.708366667,57.68,0,106.4018415,0,9.154126381,52070.04333,20665.95,31404.09333,2
364,0,-0.31,0,0.78,1409.75,0,0,0,0,0,0,0,0,0,33.81,0,33.81,3
365,0.353333333,10.31495754,9.263333333,31.8133548,229.2745792,6139.306667,0,276.2576325,1.276666667,0.71,0,8.648561073,0,25.71335948,18764.32333,10887.67667,14015.95333,2
366,0.476666667,8.449924114,0,9.5394079,188.2265557,8626.496667,5.57,204.2519308,8.536666667,1.153333333,0,-1.036899508,0,12.69489709,76607.73,11309.80667,73924.42,2
367,1.02,8.891933513,0,32.78821761,460.3521271,0,0,472.8493125,8.536666667,1.153333333,0,-17.95443038,0,14.11914602,759.0833333,585.4766667,173.6066667,4
368,0,-32.27659574,0,1.841832623,359.7222222,0,0,603.2638889,0,0,0,0,0,-33.33333333,28.95666667,15.66666667,13.29,4
369,0.613333333,-15.53407689,-8.63,31.5435973,290.3730185,0,-14.76,290.3730185,54.32666667,4.733333333,0,-2.598583023,0,-9.159727928,3129.83,2106.243333,1023.586667,3
370,0,9.724987346,8.183333333,15.84564509,431.2203457,0,19.75,431.3549981,31743.93667,18.49,0,70.06648332,0,11.92362157,8834.063333,7391.03,1443.033333,2
371,16.11333333,10.71536908,0.166666667,19.24041201,74.75366865,750.1933333,0,196.7171029,23.56333333,119.6766667,0,1.035874558,0,0.68,6200.846667,3019.116667,3931.923333,3
372,0.526666667,14.34056677,9.533333333,43.73337023,300.9709406,7011.236667,0,356.031934,3.083333333,0.856666667,0,36.05056369,0,21.60546487,15548.16333,8990.833333,13568.56667,2
373,0.822433333,12.5849933,0,49.41677971,150.4707276,0,-82.07333333,201.5823182,2.8319,1.99,0,-14.52375949,0,10.4569428,6332.79,3165.75,3167.04,3
374,2.106666667,4.572049354,0,60.94777879,144.5345381,0,0,156.8676606,21.16,10.03333333,0,-9.010757784,0,1.995645422,1165.003333,488.25,676.7533333,3
375,0.996666667,3.202071732,0,37.57950008,226.996462,18942.96333,10.04666667,244.2469035,21.16,10.03333333,0,6.274717547,0,2.423890541,19320.5,12053.57333,26209.89,2
376,0.323333333,-16.08478683,-8.333333333,28.33626865,273.2056642,755.8366667,0,356.1279622,0.756666667,2.76,0,19.33246252,0,-25.64590355,2232.483333,1561.026667,1427.293333,4
377,0.7,1.910957641,1.366666667,23.99670273,296.3434149,8018.65,-12.05,362.8439554,2.846666667,2.853333333,0,-17.78364659,0,1.955074129,12004.67667,9269.443333,10753.88333,2
378,1.196666667,-25.14850578,6.213333333,49.00197873,151.0876018,14655.66667,-8.653333333,214.4797097,7.81,0,633.3333333,-30.71286956,-7.493333333,-6.722712384,11671.33333,5884.333333,20442.66667,3
379,1.196666667,103.983581,10.64,20.2434941,456.6010107,24076.67667,0,457.3171088,7.81,3.253333333,0,-327.457146,0,14.91666667,31418.78,22862.21,32633.24667,2
380,0,15.65452818,0,58.24379891,82.81442571,24056140.52,25.68333333,159.6467392,1.736666667,14.15,0,-16.99888598,0,11.24223974,19949498.35,7449114.987,36556523.89,3
381,1.05,20.97515972,0,23.35514757,315.8169308,6412.956667,150.4666667,326.0106092,16.31666667,4.833333333,0,33.96372811,0,27.13940304,10689.48667,8415.45,8686.993333,2
382,0.546666667,-26.2653081,-25.13333333,29.07064375,191.0816643,119.79,490.2066667,191.0816643,0,1.073333333,0,-79.91897812,0,-49.00749504,744.28,586.9166667,277.1533333,3
383,0.183333333,9.16452659,0,90.71747256,175.896065,0,0,175.896065,0,4.91,NaN,0,0,-263.6333333,55.06,25.82666667,-25.08666667,4
384,0.696666667,8.643079158,3.946666667,62.48661526,147.7455449,5349.516667,0,168.0326466,13.73333333,42.31333333,0,0.927794055,0,5.604916194,10392.52333,3213.776667,12528.26333,3
385,1.323333333,-0.327945322,0.213333333,32.81697383,333.5182337,2410.376667,-3.646666667,480.478143,7.803333333,5.263333333,0,-87.25824266,0,-0.340094257,1488.416667,1030.813333,2867.98,4
386,1.003333333,20.73291059,0,39.15942255,173.2096519,0,0,200.9219058,0,3.19,0,-29.40685972,0,27.89028738,3269.743333,1972.036667,1297.706667,3
387,0.173333333,-44.46156402,-18.49666667,29.42757966,1109.916223,751.5633333,0,1122.678492,2.74,4.61,0,-355.0493685,0,-53.34739492,4335.703333,2883.116667,2204.15,3
388,0.3,18.03164443,0,58.86759089,94.87818133,647097815.7,7.313333333,163.2872754,0,0,0,12.72506232,0,10.90203102,819424102.5,342431911.5,1124090007,1
389,30.27333333,5.613459781,3.723333333,8.663736341,1284.803848,0,0,1284.803848,0,372.32,0,23.41406392,0,6.29,1134.76,996.8133333,137.9466667,4
390,0.371766667,106.5006449,0,93.20626785,103.0908014,0,-2086.923333,104.1033804,13.36,0.5091,0,6.037867767,0,29.7422731,7072.846667,480.37,6592.476667,4
391,0.823333333,2.875957633,3.933333333,31.21448421,202.2711376,3605.64,0,246.2659572,7.8,10.19,0,6.675662554,0,5.725757271,5101.53,3551.883333,5155.286667,3
392,0.423333333,8.302397122,5.123333333,48.95257236,3.88,4681.513333,0,431.9390403,5.673333333,2.346666667,0,57.17227227,0,10.52647132,11357.58667,5790.653333,10248.44667,3
393,39.78666667,2.064138073,1.17,31.5785612,264.809864,925.75,0,286.5936686,481.8966667,101.1766667,0,-25.50039701,0,0,2699.12,1566.13,26.05333333,3
394,0,58.42844297,0,54.16554038,160.3246046,36702014.65,3.166666667,180.1798807,9.14,4.456666667,0,-10.99671174,0,22.25316103,25062253.92,11152772.08,50611496.49,3
395,0.62,9.978504645,0,22.10416901,379.9525162,0,290.3133333,415.5673382,4.736666667,2.953333333,0,7.696535851,0,19.74501624,17687.12667,13876.01667,3811.11,2
396,2.016666667,14.35219312,0,72.19718172,118.7999928,0,0,120.651481,4.736666667,2.953333333,0,2.336278186,0,3.915010931,5595.683333,2260.613333,3335.07,3
397,0.53,3.853694159,0,56.62027924,112.9263897,15970.51,4.336666667,149.3946622,2.013333333,1.083333333,0,-10.74782592,0,6.912601466,29845.12333,12949.69,32865.94333,2
398,152.77,144.5781261,-34.87666667,91.94713666,242.321436,719.1166667,0,243.7317323,4812.28,2614.876667,0,-7.980326503,0,-44.27666667,457.68,-32.36,-156.0233333,4
399,108.1933333,-13.27111443,1.116666667,116.1309839,22.96080356,1395.126667,0,82.21104971,132.67,670.7533333,0,0,0,1.766666667,1263.81,-196.1866667,2855.123333,3
400,333.6333333,50.89906041,20.76333333,66.36230686,139.5949727,4831.476667,0,143.4148617,14318.61333,879.1066667,0,13.10179614,0,0,1957.68,576.6233333,372.23,2
401,0,-3.300035995,0,38.29967276,1050.644971,0,0,1050.644971,0,4.336666667,0,-130.5760903,0,-8.156289822,1283.763333,808.83,474.9333333,3
402,0.94,-530.1735992,14.7,60.00650425,125.6441307,8602.693333,0,211.0106405,1.096666667,303.4866667,0,-14.00143519,0,31.16108434,17022.11667,7955.66,17669.15,2
403,0.94,1.897352596,0.993333333,55.77219075,175.4447267,2218.196667,0,178.7218004,3162.586667,282.0833333,0,0,0,1.103333333,2883.103333,1269.426667,3831.873333,3
404,0.673333333,8.581326347,5.506666667,60.18171082,121.2955421,6856.03,5.693333333,137.9199732,6.91,2.806666667,0,6.49332547,0,11.72583934,17896.61667,7187.476667,17565.17,2
405,0.766666667,15.97734011,0,54.14319509,131.6765562,0,4.793333333,131.6765562,0,1.896666667,0,5.102616717,0,9.628041626,2896.923333,1300.08,1596.843333,3
406,0.4,17.36690651,2.496666667,91.31923258,20.12529693,3946.333333,31.39,66.8625836,17.01666667,0,666.6666667,40.96570786,46.19,6.710596573,13612.33333,1184.333333,16374.33333,3
407,0.4,1.579988301,0,54.92364175,170.215442,0,0,170.215442,17.01666667,6.22,0,0,0,1.546699034,1299.92,608.6766667,691.2433333,3
408,0.03,-13.58054969,0,53.8991745,88.93637076,168.16,0,90.70723865,0,0.153333333,0,1.395441582,0,-39.97035937,6071.206667,2894.673333,3344.693333,4
409,0,-13.56692134,0,3.995724401,381.2629869,719.1133333,0,400.7868473,NaN,43.12333333,0,0,0,-11.71878897,893.57,856.41,756.2733333,3
410,2.3,11.50529538,3.633333333,87.80837867,112.0937477,10427.66667,2.613333333,113.492688,143.07,0,1253.333333,4.536352935,3.793333333,1.212436832,5867,685,15609.66667,3
411,2.3,8.630858199,4.08,69.01400304,67.81435752,4395.736667,0,124.7631414,143.07,9.073333333,0,8.631888328,0,2.082823455,2453.883333,789.5466667,6060.073333,3
412,2.3,4.831115782,6,13.94049141,1001.224885,1767.363333,0,1005.795481,74.72,33.15,0,686.6366174,0,6.669321888,2365.91,2036.733333,2096.54,3
413,0.263333333,13.26604691,0,23.70283331,88.77290513,787.9166667,0,140.8172862,1.74,2.706666667,0,6.783299216,0,22.87198214,2950.14,2367.776667,1370.28,3
414,0.963333333,2.002466808,2.29,72.88191956,105.4272974,1709.333333,2.05,128.9250892,4.476666667,0,500,6.083575953,4.91,0.783894354,2093.666667,563,3240,3
415,0.963333333,-2.164260379,0.463333333,45.36861685,117.829928,0,0,204.8543111,4.476666667,1.936666667,0,-22.08813296,0,-1.37679711,4478.9,2422.94,2055.96,3
416,50.46333333,12.49587552,9.336666667,20.36149038,214.0839893,16944.09667,0,279.8363739,357.0933333,256.9166667,0,-11.96977933,0,23.08,33513.77,25573.89667,24883.97,2
417,1.186666667,29.41105103,0,43.22498549,184.4258115,36455.92333,62.57666667,230.4100495,3.376666667,3.13,0,32.01199214,0,27.36250376,41684.37667,24251.49667,53888.80333,1
418,5.673333333,14.59045392,10.58666667,51.83885613,196.7489589,11535.33333,17.05666667,196.7489589,0,0,366.6666667,25.72377422,-7.716666667,0.888840582,2197.333333,1001.333333,12731.33333,3
419,5.673333333,2.854001327,0,14.93012704,655.8739223,0,0,660.3109363,0,24.32666667,0,0,0,20.13957378,102787.7267,87312.61667,15475.11,2
420,1.473333333,25.94869317,0,73.06460814,100.1489837,0,0,133.7033351,12.67,4.856666667,0,1.030936005,0,8.063357549,4528.156667,1291.58,3236.576667,2
421,0.963333333,13.86132258,5.24,66.85113753,99.42749313,1499.21,0,136.5493211,2.646666667,3.25,0,-24.77702317,0,5.637629405,1808.346667,648.3933333,2659.163333,3
422,1.02,0.648232353,0,78.52684419,97.5231304,0,0.756666667,124.8119888,3.693333333,6.943333333,0,14.75297269,0,0.162374572,10819.71333,2248.836667,8570.876667,3
423,1.1562,2.824902363,0,25.82142437,157.5050842,9059.086667,2.523333333,169.463595,24.54316667,6.943333333,0,11.91300358,0,2.163657019,7876.333333,5844.566667,11090.85333,3
424,0.906666667,30.02535509,14.27,56.11785811,119.1373257,8886.333333,27.27666667,173.4302722,1.51,0,882.3333333,8.619207366,6.313333333,16.04288233,10153.33333,4352,14687.66667,3
425,0,6.868990352,8.056666667,22.39838863,224.5922963,0,37.24666667,270.7658602,3.586666667,3.08,0,13.92414581,0,17.02777194,334275.27,264312.6833,69962.58667,1
426,1.173333333,15.23463006,4.433333333,81.56036192,87.86658506,1970.406667,0,129.4669118,3.613333333,5.613333333,0,-12.93024055,0,4.561290731,2085.983333,401.82,3654.57,4
427,427.1866667,127.668094,-2.036666667,69.75988018,67.8331815,2385.183333,0,68.18266521,34172.84667,746.7933333,0,11.58324249,0,0.343333333,438.7166667,37.33,24.68333333,3
428,0.81,13.52892353,12.92,16.15333333,297.4827421,14269,84.13333333,343.8815017,2.793333333,1.74,966.6666667,-8.091463827,-2.32,17.03311184,21026,14852.33333,20442.66667,2
429,0.786666667,-17.69669617,-22.63666667,8.710315485,1114.521351,1742.88,-202.0366667,1118.479834,19.38666667,3.14,0,-314.5330947,0,-17.04631898,5191.92,4725.163333,2209.636667,3
430,1.836666667,5.627917676,2.773333333,61.80604177,176.0664304,3911,0,231.1914089,6.783333333,2.073333333,0,-8.054695971,-4.743333333,2.380219083,3515,1514.333333,5911.666667,3
431,0.226666667,-11.52819267,10.49666667,17.31982229,-1506.748432,163.6666667,-50.76333333,-1640.47379,6.783333333,2.073333333,33.66666667,269.2708333,-17.78666667,-34.09776714,961.3333333,812.3333333,312.6666667,4
432,0.49,10.81756845,8.513333333,27.03503056,293.0797724,7587.493333,0,372.0155419,1.053333333,1.056666667,0,3.036762355,0,13.68434001,11219.55667,8251.3,10555.75,2
433,0,6.1915257,0,57.44551294,76.1318059,20672452.36,111.7033333,90.89048112,5.323333333,4.133333333,0,-21.3759798,0,3.575836472,28121628.68,13897788.44,34896292.6,3
434,0.974166667,2.282978571,1.943333333,34.85896557,203.7637782,0,0,289.6443256,1.703933333,3.339866667,0,-57.10546845,0,1.721739874,3734.65,2431.041333,1303.608667,3
435,0.7,17.24842556,0,73.4150924,117.2341817,33874243.81,132.61,138.0063488,0.816666667,4.593333333,0,-8.472295646,0,8.713486768,56782853.61,15080117.2,75576980.21,3
436,173.5666667,2.459929918,-30.28333333,71.34320866,127.5744855,0,0,139.303041,2096.916667,689.6166667,0,-2.393684889,0,0.566666667,3831.863333,1074.043333,26.57,3
437,0,10.94114835,0,27.4336657,339.5616921,0,39.17666667,372.7586967,0,73.54333333,0,165.1087076,0,14.49421531,3189.181,2569.206667,619.9743333,3
438,0.244333333,1.517226375,0,33.34655155,112.1678047,0,0,193.9111536,0.258166667,178.0366667,0,30.98754144,0,4.904642555,15831.37,10518.61667,5312.753333,2
439,0.576666667,19.48787742,0,93.19424471,77.47854111,5117.8,11.82,102.096632,1.63,7.26,0,3.548378671,0,0.476818995,9109.843333,728.0466667,13499.59667,3
440,0.153333333,21.18817671,0,108.5082859,38.20081009,0,0,51.25126514,1.636666667,0.796666667,0,0,0,-78.67766203,114.0966667,27.38,86.71666667,4
441,0.493333333,9.914524152,5.966666667,50.42564773,143.0176168,0,16.30666667,147.6488411,1.636666667,0.796666667,0,-23.38025768,0,12.71274852,37054.15,17452.01,19602.14,2
442,162.4,56.24360249,44.74333333,26.55002757,327.5508339,0,0,327.5508339,0,610.44,0,127.1492437,0,36.29333333,10303.04,7565.886667,2737.153333,2
443,0.36,2.530194939,1.345966667,18.90241459,536.2677506,1068.25,0,536.326636,76.27333333,3.156666667,0,0,0,6.725453747,3061.353333,2489.12,1640.483333,3
444,1.22,-3.890792861,-1.526666667,43.86566551,193.5322717,0,0,195.4172386,89.41666667,4.296666667,0,-33.89451718,0,-1.758997187,7690.026667,4062.31,3627.716667,3
445,1.496666667,47.29652074,-43.54666667,128.5958612,187.930494,5534.1,0,189.256035,89.41666667,4.296666667,0,-89.03471157,0,-18.57246256,5029.933333,388.0433333,10175.99,3
446,0.66,17.20626006,9.243333333,41.53073625,131.1854778,64548615.05,9.333333333,166.027536,3.766666667,1.766666667,0,4.522852558,0,19.69692629,100821141.1,60136064.07,105233692.1,2
447,0,8.814013819,-1.076666667,80.81338635,80.47230593,0,0.82,116.8745389,NaN,6.656666667,0,-15.83353576,0,2.116769811,2045.01,387.7633333,1657.246667,4
448,0.423333333,10.78054804,5.983333333,59.91753176,73.0539345,19672.66667,0,128.9782154,0.74,3.01,0,10.80509646,0,13.28522324,51536.71667,20370.96,50838.42333,2
449,0.903333333,2.004532622,2.2,28.26729055,262.7294877,1470.44,-129.1166667,290.1167375,8.183333333,5.206666667,0,24.26055564,0,2.985817369,2358.386667,1715.033333,2113.793333,3
450,1.006666667,24.92536454,19.53,36.21742131,697.6011139,0,0,697.6011139,0,2.92,0,102.4924879,0,25.81510395,799.7366667,552.71,247.0266667,4
451,1.35,12.98771825,9.453333333,35.24191166,280.5350316,5739.27,0,376.4798084,5.613333333,6.87,0,-36.04899848,0,8.612545664,5080.253333,3058.053333,7761.47,3
452,1.0338,4.553520463,3.353333333,51.84703942,85.58997472,0,0,118.6051866,NaN,4.816966667,0,-17.34815988,0,4.178869249,18681.67333,8993.94,9687.733333,3
453,0.766666667,-6.995140209,0,49.94857002,96.77729942,3392.923333,-454.7766667,106.6272324,20.52333333,6.406666667,0,0,0,-1.750572989,5846.16,2859.336667,6379.746667,3
454,0.456666667,-27.95973778,-11.00666667,30.57201409,1032.429025,2971.476667,0,1035.621624,20.52333333,6.406666667,0,-307.9232457,0,-2.447488812,8765.256667,7775.583333,3961.15,3
455,0,1.092961055,0,35.51607156,169.0642058,295814233.6,20.05,278.3922124,2.533333333,5.36,0,-22.46564171,0,0.147330156,256536508.5,164680425.5,387670316.6,1
456,0.813333333,3.559799665,0,49.18313844,94.42478883,0,41.53666667,125.3177539,3.846666667,5.11,0,-1.404192979,0,2.40417833,2146.523333,1049.426667,1097.096667,3
457,0.683333333,-28.78148663,0,34.47569113,129.3824807,0,-8.153333333,137.2564882,15.60333333,9.543333333,0,31.04283677,0,-35.20413383,6796.193333,4439.383333,2356.81,2
458,1.576666667,-11.48926036,-2.13,58.80371055,158.7052498,2776.516667,0,158.9379615,15.60333333,-11.62,0,-22.35042244,0,-1.325538564,1866.846667,770.8866667,3872.476667,3
459,1.233333333,14.93732372,11.27666667,42.09230171,223.2456059,3824.043333,36.96666667,235.7894084,17.43666667,4.376666667,0,23.7860486,0,10.33152142,3580.666667,2083.81,5320.9,3
460,1.363633333,2.086296083,0,46.07506164,207.1908388,0,0,221.1337991,NaN,4.533133333,0,13.793204,0,0.819116735,742.99,387.01,355.98,4
461,0,16.0413804,0,40.59364624,49.77667907,0,-51.37,154.7401073,NaN,242.74,0,45.46366604,0,19.30191717,104771.7267,55252.82667,49518.9,1
462,0.543333333,0.184810114,1.666666667,21.83224967,52.49196574,392.5333333,1.156666667,89.35091711,5.85,1.933333333,0,30.53850847,0,1.361389608,2484.306667,1927.89,948.95,3
463,0.856666667,-55.86993657,-3.636666667,89.62002606,50.40910236,1004,0,60.28527966,9.446666667,18.36,0,29.27935958,43.59,-5.114091447,1648.333333,158.6666667,2493.666667,4
464,0.856666667,3.206613065,1.856666667,74.49426154,116.1512317,6365.333333,3.13,133.8946115,9.446666667,18.36,533.3333333,-4.661116148,-3.906666667,1.211827918,6535.333333,1662,11238.66667,3
465,24.03333333,71.42589431,0,95.94634142,103.9457065,0,1.133333333,103.9457065,1.876666667,25.37,0,-9.524979511,0,-1.140791921,1023.8,-6.763333333,1030.563333,3
466,2.443333333,6.40721003,1.753333333,56.68578252,240.5141645,9045.19,-67.57666667,240.5990565,4.833333333,5.77,0,-78.17161872,0,1.133762399,3814.503333,1100.063333,11759.63,3
467,1.083333333,6.071363892,0,49.36211498,95.46189174,0,-13.14333333,129.0821708,3.593333333,5.436666667,0,-1.312961053,0,2.529945458,19649.76333,8361.593333,11288.17,2
468,1.46,7.352297548,0,64.52916873,109.4197146,3212.773333,0,114.5126931,3.593333333,5.436666667,0,30.11830766,0,2.290565286,2394.893333,826.59,4781.076667,3
469,32.34333333,-4.159330331,-4.4,24.46500184,703.6686474,2563.166667,0,733.2194493,418.71,133,0,-326.0086901,0,-11.14666667,6784.893333,6943.97,2404.09,3
470,0.62,0.278981552,8.446666667,41.67587833,-1669.209281,777.6966667,0,-2854.253148,0.716666667,3.493333333,0,-278.8709113,0,0.215871553,1236.266667,718.73,1295.233333,4
471,146.6233333,98.35002863,-69.75,196.8630444,44.5389003,3930.233333,0,44.5389003,0,648.5666667,0,-22.50896221,0,-35.21666667,3556.98,-3164.78,-2612,3
472,0.546666667,0,0,61.39109157,45.29037005,0,55.91,107.9617892,1.133333333,4.256666667,0,10.23019669,0,0,18240.46,7032.293333,11208.16667,2
473,0.02,0,-35.73666667,10.53,4.286666667,14.23333333,0,4.286666667,0,0.6,0,-231.6306504,0,0,956.6133333,774.5533333,196.2933333,4
474,0,0,0,25.60425785,318.4288218,15464102.84,14.58333333,343.7383199,11.96333333,5.46,0,32.66796632,0,0,15913731.49,11833607.82,19544226.51,3
475,0.593333333,0,32.24666667,20.40911456,375.1596471,1387.936667,1921.53,437.0395094,0.803333333,18.37333333,0,-40.74271463,0,0,3810.15,3219.336667,1978.75,3
476,0.983333333,0,0,29.8801228,389.1702063,0,0,495.8457299,7.78,2.39,0,0,0,0,1523.123333,1037.886667,485.2366667,4
477,0.79,0,0,25.25890824,564.5820649,918.6566667,0,735.577818,2.87,6.903333333,0,-476.4695443,0,0,1447.396667,1279.083333,1086.97,3
478,0.516666667,16.03512643,16.4,40.1067838,195.0005668,1650.74,84.55333333,195.0005668,NaN,2.24,0,9.192958382,0,39.93552106,3736.363333,2213.133333,3173.97,3
479,75.41666667,1.305006172,2.833333333,35.42207225,147.7069095,6215.713333,0,231.3936685,225.5866667,195.3233333,0,-1.455805299,0,2.51,8787.236667,5638.223333,70.55,2
480,1.08,0,0,29.98006412,541.2608148,272.4266667,0,560.4445845,NaN,2.423333333,0,-51.60524501,0,0,553.42,444.6466667,381.2,3
481,0.863333333,5.176611855,5.266666667,36.3564505,123.1942171,33279.61667,0,177.213308,3.6,4.95,0,3.254447988,0,0,39566.49667,25169.65333,1296.896667,2
482,0.423333333,0,1.63,94.33325323,90.23624225,1726.666667,0,90.23624225,0,0,0,32.62121256,54.11,0,5443.666667,283,6887.333333,3
483,0.62,9.016653341,5.623333333,41.93217944,50.84894826,85898.53333,-7.86,123.28679,5.386666667,7.736666667,0,-20.70882344,0,19.41894005,261689.6067,151416.8867,196171.2533,1
484,0.41,16.433307,0,42.06608136,79.01132708,4056.593333,13.21333333,79.01132708,0,33.45,0,129.6317482,0,37.74707907,10050.65333,5830.08,8277.166667,2
485,1.335633333,11.86826821,12.67,13.15736219,662.1133979,1198.506667,-14.82,798.7666114,NaN,33.45,0,56.26909002,0,9.804979808,946.59,816.6033333,1328.493333,3
486,0.4532,12.69838166,0,41.67285735,224.238764,0,17.84666667,231.9193826,NaN,1.9394,0,25.46533182,0,24.41958135,27522.09333,16085.04333,11437.05,1
487,0,7.280733587,7.44,24.01499062,386.9414145,0,33.07,439.834318,4.946666667,1.426666667,0,2.612047615,0,27.30756691,196355.0667,149752.8967,46602.17,1
488,3.2,5.615549027,5.473333333,50.62889438,174.3510871,25406.33333,5.356666667,197.8093447,57.50666667,0,1546.666667,8.053670345,-2.86,1.50335489,10149.66667,5012,30544,3
489,3.2,0,13.42666667,37.3605976,240.5145006,24836.11667,0,299.0390829,57.50666667,10.65,0,33.73259072,0,0,30483.94667,18814.13333,36505.93,1
490,3.2,13.27687541,11.33333333,92.12645408,65.01258992,2870,0,88.20510261,13.52666667,0,16.66666667,-1.326972731,-0.116666667,6.077115222,1440,127.3333333,4182.666667,4
491,0,3.946948645,1.156666667,47.29310777,82.09519646,0,0.533333333,95.36225957,11.89333333,5.51,0,-14.73115935,0,2.046699704,40118.07333,11302.35333,28815.72,2
492,56.67,7.593157245,6.876666667,18.35778309,246.9717665,2587.686667,0,468.5630465,73.98,763.6333333,0,-75.15385403,0,13.82,4738.943333,3807.993333,3518.636667,3
493,1.196666667,32.04431177,0,36.19186511,162.4817193,0,0,265.3434672,2.09,3.553333333,0,-16.07752741,0,36.82754582,4371.303333,2843.536667,1527.766667,3
494,1.336666667,9.860938772,11.56,32.80331825,50.44796229,7371,4.906666667,299.5952759,7.853333333,0,340,-13.30649135,6.3,1.4105635,5191.333333,3056,9506.333333,3
495,1.336666667,0.982332528,0,76.85610488,261.0761238,190.19,0,274.3311276,7.853333333,9.416666667,0,289.509169,0,-18.3420838,556.1366667,420.9433333,325.3833333,3
496,65.05333333,6.24849205,2.44,67.11967206,111.724423,0,0,148.4912739,243.65,391.6866667,0,4.704182773,0,3.18,2822.143333,894.7666667,1927.376667,3
497,0,-1184.583588,0,80.01848406,113.9378343,0,2.61,124.9767421,42.79666667,228.5033333,0,-9.874785164,0,-99.95750801,497.1566667,159.59,337.5666667,4
498,0,88.58557293,0,25.77543574,303.4050706,1535795604,2.996666667,303.4077631,42.79666667,228.5033333,0,0,0,405.2870442,1580176110,1433967328,1682004387,1
499,1.223333333,2.397273767,2.6,74.05451863,83.44849682,39224.79333,1.373333333,112.7463038,8.38,4.903333333,0,9.935209063,0,0.612034324,35162.22,8009.603333,66377.41,2
