公司名称,流动性,筹资,清偿,成长,经营,司法,组织,技术,竞争
万邦联合（北京）设备有限公司,0.28940415,0.477153726,0.329782104,0.494441304,0.517698648,0.391145605,0.835110425,0.341091586,0.999999996
三环永磁（北京）科技有限公司,0.131312348,0.357419265,0.486022422,0.445293116,0.534566249,0.391145605,0.560294478,0.340590156,0.999999996
世纪良基集团有限公司,0.148414985,0.511945327,0.342442587,0.516552063,0.459296838,0.305943049,0.901066252,0.385225383,0.999999996
东电创新（北京）科技发展股份有限公司,0.089960156,0.53412539,0.352032235,0.636048091,0.540072748,0.391145605,0.550291183,0.348410729,0.75
中人时代教育科技（北京）股份有限公司,0.288145666,0.394730275,0.857487131,0.543825618,0.488356846,0.391145605,0.368991749,0.383051907,0.75
中信网络科技股份有限公司,0.293402921,0.59145459,0.427421312,0.518657251,0.46785691,0.305943049,0.615257668,0.340590157,0.75
中关村科技软件股份有限公司,0.581573382,0.28307275,0.487653391,0.549452494,0.450470629,0.273421031,0.363647758,0.340590156,0.75
中农博乐科技开发有限公司,0.199376887,0.389517197,0.376718468,0.607280505,0.759671958,0.391145605,0.505331289,0.341091586,0.999999996
中博农(北京)牧场建设有限公司,0.334420064,0.472570701,0.457246703,0.460743681,0.900924148,0.274157106,0.999999998,0.340590156,1
中博农畜牧科技股份有限公司,0.134672296,0.718062342,0.484149821,0.437560508,0.504985362,0.273405321,0.999999993,0.398274818,0.75
中博龙辉（北京）信息技术股份有限公司,0.274157278,0.310802825,0.360737709,0.475145839,0.473835171,0.273421031,0.663431451,0.364008287,0.75
中国电子工程设计院,0.310052544,0.712766234,0.330152341,0.421049207,0.474336417,0.273654255,0.999999998,0.942155769,0.999999996
中地加荷（北京）环保科技有限公司,0.19841461,0.332726195,0.344678805,0.443170271,0.488067732,0.27477224,0.890073614,0.367186888,0.999999996
中安消技术有限公司,0.034982452,0.800585917,0.667989448,0.440689288,0.523218429,0.272850343,0.999999998,0.484512798,0.999999996
中安网脉（北京）技术股份有限公司,0.184240313,0.448351341,0.430607493,0.444992591,0.532155663,0.394956308,0.999999993,0.346334555,0.75
中持水务股份有限公司,0.080670452,0.516153688,0.352889564,0.413178991,0.490525996,0.305943049,0.999999993,0.391802032,0.75
中林信达（北京）科技信息有限责任公司,0.083555132,0.668262252,0.318301853,0.40086649,0.564403815,0.391145605,0.285478531,0.347735122,0.999999996
中海昊华环境工程有限公司,0.017039653,0.684968195,0.390743117,0.910207254,0.474878891,0.272781745,0.603165766,0.363215785,0.999999996
中环国投（北京）环境信息科技股份有限公司,0.220252664,0.503535367,0.59894423,0.452965904,0.374614212,0.273012784,0.999890075,0.365530613,0.999999996
中电华材新材料科技（北京）有限公司,0.19841461,0.453693332,0.325397642,0.433902551,0.48811803,0.272787936,0.692206132,0.383051907,0.999999996
中电华瑞技术有限公司,0.010801531,0.556549355,0.340712302,0.452685038,0.299176027,0.391145605,0.406397548,0.340590156,0.900000001
中电投工程研究检测评定中心,0.065103961,0.608015849,0.837482559,0.432929851,0.494507139,0.391145605,0.999999998,0.346786983,0.999999996
中益能（北京）技术有限公司,0.097684392,0.487960468,0.293067864,0.464640254,0.487520395,0.273153391,0.679014967,0.376186889,0.999999996
中盛建材有限公司,0.074018179,0.595056753,0.310811506,0.444590374,0.461125308,0.273783059,0.483346013,0.340590156,0.999999996
中科九度（北京）空间信息技术有限责任公司,0.129849445,0.378226565,0.32897117,0.420861971,0.440346337,0.273421031,0.58755622,0.340590156,1
中科信息安全共性技术国家工程研究中心有限公司,0.08778888,0.999999991,0.599765243,0.450628577,0.458892857,0.274157106,0.18046075,0.414396691,0.75
中科嘉亿生态工程技术有限公司,0.19841461,0.400639853,0.239037838,0.550809356,0.617255136,0.391145605,0.652898774,0.340590159,0.999999996
中科恒源科技股份有限公司,0.077664782,0.581658019,0.617686895,0.433592521,0.494203045,0.272776166,0.999999993,0.854470447,0.75
中能兴科（北京）节能科技股份有限公司,0.14510951,0.381970463,0.39451662,0.37815645,0.632681063,0.272775686,0.247947351,0.340590156,0.75
中能服能源科技股份有限公司,0.088019667,0.494540021,0.286249267,0.432692726,0.453425627,0.305943049,0.340443681,0.40812562,0.75
中航捷锐（北京）光电技术有限公司,0.155611141,0.379364403,0.438574035,0.451705352,0.531310453,0.391145605,0.489831669,0.340590156,0.999999996
中航网信(北京)科技有限公司,0.400161235,0.599145523,0.769663223,0.449645093,0.486602232,0.272572407,0.340441721,0.341091586,0.999999996
中节能唯绿（北京）建筑节能科技有限公司,0.089362046,0.413277457,0.508878475,0.430285019,0.538906521,0.391145605,0.477849694,0.382564219,0.999999996
中节能科技投资有限公司,0.115269802,0.865004487,0.999999992,0.440283104,0.65817419,0.272782208,0.999999998,0.345307924,0.999999996
中节能风力发电股份有限公司,0.119245169,0.853444413,0.411922376,0.441529677,0.560956542,0.391145605,0.486973584,0.340590156,0.75
中赫时尚（北京）文化发展股份有限公司,0.980056137,0.334620218,0.378458227,0.340533108,0.475831402,0.391145605,0.602566833,0.374664563,0.75
中鑫创投（北京）教育科技有限公司,0.125898611,0.332726195,0.38215335,0.430852875,0.439191595,0.391145605,0.219852103,0.370097588,0.999999996
中铝国际工程股份有限公司,0.090723991,0.866669994,0.364129965,0.42714119,0.481216927,0.27763556,0.799274425,0.340590156,0.75
中际联合（北京）科技股份有限公司,0.152842533,0.704336219,0.522314318,0.438513623,0.597148641,0.305943049,0.383532861,0.830334089,0.75
举贤网科技（北京）股份有限公司,0.590765626,0.334558351,0.951062562,0.460966449,0.899080072,0.370176288,0.595048571,0.356396661,0.75
九一金融信息服务（北京）有限公司,0.013404749,0.999999991,0.289911375,0.699838624,0.450455322,0.274294799,0.768599184,0.35030736,0.250000006
九源天能（北京）科技有限公司,0.034908882,0.608993254,0.999999992,0.724509421,0.514725499,0.391145605,0.999999993,0.35112922,0.999999996
二十一世纪空间技术应用股份有限公司,0.267078998,0.714567748,0.999999992,0.443268855,0.631131632,0.745308328,0.463275025,0.915022929,0.949999997
京北方信息技术股份有限公司,0.335061141,0.581074639,0.687284002,0.46551094,0.490275453,0.353260217,0.247947351,0.365585499,0.75
企商在线（北京）网络股份有限公司,0.950247446,0.418421587,0.31162012,0.257976401,0.423787462,0.272808562,0.564361754,0.354874336,0.75
众信博睿整合营销咨询股份有限公司,0.031862924,0.475480154,0.521120893,0.430852875,0.142081294,0.391145605,0.835110425,0.346786983,0.500000003
伟景行科技股份有限公司,0.116691198,0.603129206,0.428548008,0.449495334,0.520464978,0.272775372,0.884299586,0.466851995,0.75
伯格森（北京）科技股份有限公司,0.129560375,0.458941611,0.322974305,0.447762151,0.467898389,0.391145605,0.560294484,0.346878276,0.75
信亦宏达网络存储技术（北京）有限公司,0.530005643,1,0.33747851,0.246287607,0.459741079,0.272763635,0.297781569,0.340590156,0.75
信帧电子技术（北京）有限公司,0.101963198,0.933984772,0.278256027,0.521527009,0.480685966,0.391145605,0.68802893,0.58747384,0.999999996
倍适（北京）科技有限公司,0.36195356,0.523277738,0.410928503,0.439756651,0.475347578,0.299748404,0.536037942,0.340590156,0.999999996
元码基因科技（北京）有限公司,0.19841461,0.332726195,0.345835763,0.430852875,0.488356846,0.391145605,0.441090725,0.340590156,0.999999996
先智创科（北京）科技有限公司,0.158547461,0.482818739,0.376492396,0.507787578,0.614676556,0.273012784,0.595048573,0.414853324,0.050847457
全维智码信息技术（北京）股份有限公司,0.10136614,0.341324123,0.451586696,0.444153844,0.501253415,0.391145605,0.822688746,0.34726271,0.999999996
动能趋势（北京）康复技术股份有限公司,0.151378609,0.264924509,0.411358113,0.984797581,0.499146787,0.391145605,0.170027367,0.364163251,0.75
北京万向新元科技股份有限公司,0.086285668,0.600872459,0.471047245,0.433710008,0.547306745,0.272853339,0.710748977,0.382644838,0.924999998
北京万家天能新能源股份有限公司,0.262419875,0.419556328,0.378133857,0.453671553,0.474644984,0.273421031,0.826449383,0.346786983,0.75
北京万思维通信技术有限公司,0.206651814,0.397191897,0.318305083,0.467557122,0.532094311,0.391145605,0.535887842,0.362485962,0.999999996
北京万达誉辉科技发展有限公司,0.292933843,0.344663526,0.335685044,0.455853934,0.458421401,0.272787936,0.999890066,0.376186889,0.999999996
北京万高众业科技股份有限公司,0.205606299,0.531037064,0.397446336,0.408962164,0.593520225,0.391145605,0.670220857,0.340590156,0.75
北京三博中自科技有限公司,0.18090856,0.526199728,0.360644124,0.450713776,0.470185756,0.273391747,0.999999998,0.488696292,0.999999996
北京三吉利新材料有限公司0,0.432171457,0.316562038,0.46905149,0.440873756,0.507890276,0.391145605,0.536037942,0.346786983,0.999999996
北京三多堂传媒股份有限公司,0.175060053,0.450214499,0.326453916,0.430450878,0.562056816,0.391145605,0.312713308,0.373142241,0.75
北京三夫户外用品股份有限公司,0.178878526,0.673401582,0.499591269,0.437195746,0.511727948,0.272808562,0.595048573,0.101439782,0.750000001
北京三得普华科技有限责任公司,0.067213809,0.525641394,0.41134788,0.479803048,0.462824371,0.272794226,0.94214979,0.340590156,0.75
北京三盈联合石油技术有限公司,0.118859825,0.730526559,0.439662069,0.43900077,0.513995715,0.278019969,0.999999993,0.381924348,0.999999996
北京三益能源环保发展股份有限公司,0.152657296,0.330283175,0.359419848,0.445104406,0.506736412,0.272850294,0.571287116,0.340590156,0.75
北京三联虹普新合纤技术服务股份有限公司,0.19811664,0.734864812,0.363450474,0.472928369,0.596003657,0.394956308,0.999999993,0.464013701,0.899999998
北京世伟泰科信息技术股份有限公司,0.245027946,0.316421941,0.454475212,0.416210576,0.500336519,0.391145605,0.305797555,0.356715411,0.75
北京世纪合辉医药科技股份有限公司,0.234452992,0.193298458,0.352698239,0.459823954,0.520452176,0.272850294,0.537198368,0.226556874,0.75
北京世纪安图数码科技发展有限责任公司,0.20720824,0.31727929,0.325703153,0.494934099,0.472070545,0.272775686,0.999999998,0.383273141,0.999999996
北京世纪瑞尔技术股份有限公司,0.027132906,0.779093161,0.600824033,0.474111475,0.660604652,0.27284258,0.439917517,0.340590158,0.75
北京世纪超星信息技术发展有限责任公司,0.213139595,0.533075262,0.551018545,0.503511173,0.497113763,0.272784029,0.560294478,0.366802866,0.75
北京世纪阿姆斯生物技术有限公司,0.193655234,0.460824533,0.36395411,0.434023628,0.542491851,0.273113993,0.536037942,0.999999999,0.999999996
北京东土军悦科技有限公司_,0.185550478,0.881814801,0.359762691,0.686468205,0.503555801,0.391145605,0.536037942,0.346786983,0.999999996
北京东方基业科技发展股份有限公司,0.385767632,0.387829348,0.358662459,0.406364403,0.463211968,0.394956308,0.54050773,0.340590156,0.75
北京东方建宇混凝土科学技术研究院有限公司,0.644314624,0.433487109,0.873682091,0.457715706,0.433829643,0.272775686,0.999999998,0.382564219,0.999999996
北京东方网信科技股份有限公司,0.095739579,0.515985394,0.295442629,0.417243606,0.465481438,0.370176288,0.94214979,0.340590156,0.75
北京东方龙马软件发展有限公司,0.194616552,0.694183354,0.392160004,0.455138702,0.489831173,0.272850294,0.999999998,0.364008287,1
北京东正捷燃气工程有限公司,0.225039044,0.344975297,0.318028774,0.439325817,0.533945922,0.275455178,0.974387146,0.344115226,0.999999996
北京东泽达科技有限公司,0.041036056,0.722551953,0.328003845,0.452733605,0.537664825,0.391145605,0.780147235,0.345568331,1
北京东蓝数码科技有限公司,0.109479114,0.513753413,0.471515697,0.350032251,0.51651827,0.273421031,0.999999998,0.400499789,0.999999996
北京东邦御厨科技股份有限公司,0.114695147,0.462294703,0.364335311,0.44726301,0.461521023,0.391145605,0.346817451,0.346449947,0.75
北京中交慧联信息科技有限公司,0.261376179,0.576568741,0.287038133,0.421633975,0.406093326,0.391145605,0.500384602,0.340740384,0.75
北京中亦安图科技股份有限公司,0.168728503,0.711610347,0.535269963,0.438014675,0.51232404,0.391145605,0.999999993,0.340590156,0.75
北京中兴通软件科技股份有限公司,0.194109598,0.524507047,0.795887746,0.432857153,0.681730866,0.272782208,0.637976389,0.396193127,0.75
北京中农劲腾生物技术股份有限公司,0.466052773,0.588925957,0.352426732,0.444209471,0.516214993,0.274854015,0.421497961,0,0.75
北京中凯环能高科技有限公司,0.428181885,0.57845968,0.348562724,0.319487657,0.591412097,0.391145605,0.989007355,0.376186889,0.999999996
北京中宏立达科技发展有限公司,0.33002278,0.398214599,0.307240208,0.400470362,0.457554185,0.391145605,0.780147235,0.341234748,1
北京中广宽媒科技股份有限公司,1,0.347144098,0.408960424,0.487835594,0.520601137,0.272801791,0.690841861,0.369263059,0.999999996
北京中建圣大环境科技发展有限公司,0.518265449,0.466352335,0.388961542,0.487393301,0.60987693,0.357950118,0.833461529,0.340590156,0.999999996
北京中恒安科技有限公司,0.183860562,0.390328881,0.294984016,0.449624164,0.460115995,0.391145605,0.568538956,0.340590156,0.999999996
北京中持绿色能源环境技术有限公司,0.001128501,0.444982258,0.18161704,0.436221339,0.999999991,0.272781745,0.697262746,0.42393861,0.999999996
北京中新智安物联网科技有限公司,0.090453847,0.281081694,0.374770842,0.441234834,0.643152468,0.391145605,0.287116039,0.364008287,0.999999996
北京中机联供非晶科技股份有限公司,0.314598469,0.681593563,0.461929115,0.444087878,0.487288557,0.27477224,0.826449383,0.459737972,0.75
北京中海纪元数字技术发展股份有限公司,0.331843278,0.653052327,0.300198834,0.440195252,0.481681962,0.305943049,0.340441721,0.463477478,0.75
北京中电丰业技术开发有限公司,0.084991137,0.395021468,0.397784463,0.337457734,0.528313196,0.391145605,0.560294478,0.356806031,0.999999996
北京中电兴发科技有限公司,0.245057202,0.732228149,0.999999992,0.440357283,0.499681008,0.272733954,0.999999998,0.538752255,0.999999996
北京中石大格林催化科技有限公司,0.36041277,0.279296442,0.342236288,0.498823046,0.500359526,0.391145605,0.191126278,0.340590156,0.999999996
北京中科国技信息系统有限公司,0.191619711,0.408838632,0.367756553,0.426841307,0.475377685,0.357950118,0.999999998,0.340590156,0.999999996
北京中科江南信息技术股份有限公司,0.134466922,0.599069514,0.622384707,0.617223753,0.607446627,0.391145605,0.421497964,0.340590156,0.75
北京中科洁能环境工程技术有限公司,0.152957899,0.395656137,0.277805514,0.512451222,0.569613245,0.273153391,0.461360737,0.340590156,0.999999996
北京中科海讯电子科技有限公司,0.132663351,0.401617894,0.406389372,0.444067471,0.465982668,0.391145605,0.247947351,0.346786983,0.999999996
北京中科科美科技股份有限公司,0.214116681,0.159848179,0.325761585,0.441394489,0.462929218,0.391145605,0.516323927,0.340590156,0.999999996
北京中科联众科技股份有限公司,0.132494286,0.522970342,0.353081286,0.466895357,0.509165837,1,0.422497153,0.582342964,0.75
北京中科联衡科技有限公司,0.179003377,0.315694602,0.409996673,0.264929641,0.680598309,0.391145605,0.560294478,0.344711485,0.999999996
北京中科锐思科技有限公司,0.006701053,0.313325619,0.263593697,0.50879755,0.693438097,0.272787936,0.450368099,0.371619913,0.999999996
北京中联网盟科技股份有限公司,0.215478083,0.138095962,0.284804497,0.535584509,0.379149234,0.27428778,0.998900729,0.349539433,0.75
北京中能诺泰节能环保技术有限责任公司,0.12298133,0.328961941,0.247346471,0.444699635,0.338714953,0.305943049,0.319555711,0.350630252,0.999999996
北京中航科电测控技术有限公司,0.125918115,0.547441074,0.418980021,0.466467444,0.50569053,0.273012784,0.450368099,0.340590156,0.999999996
北京中航讯科技股份有限公司,0.098893502,0.65543834,0.343188482,0.458184105,0.319485309,0.394956308,0.247947351,0.340590156,0.75
北京中路铺面技术有限公司,0.308002778,0.417175407,0.377016984,0.989704532,0.466764543,0.391145605,0,0.346838489,0.999999996
北京中软政务科技发展有限公司,0.19841461,0.350194771,0.383818345,0.430852875,0.488356846,0.391145605,0.999999998,0.373142241,0.999999996
北京中软金卡信息技术有限公司,0.112815495,0.404639832,0.457271823,0.434806093,0.678047099,0.391145605,0.999999998,0.340590156,0.999999996
北京中鼎恒信科技股份有限公司,0.13314561,0.40197651,0.422885966,0.559200119,0.518617582,0.391145605,0.633615373,0.34421806,0.75
北京丹华昊博电力科技有限公司,0.132026397,0.403288831,0.316673966,0.019211898,0.419211463,0.391145605,0.890073614,0.409663207,0.999999996
北京乐普四方方圆科技股份有限公司,0.113550005,0.661058672,0.341673462,0.495501576,0.720185998,0.308370329,0.670220857,0.340590156,0.75
北京九天云竹信息技术股份公司,0.729739651,0.451372955,0.443953418,0.457807453,0.808863707,0.391145605,0.321094678,0.373142241,0.75
北京九龙创新物联科技有限公司,0.402575125,0.637369003,0.333337568,0.540131833,0.53189064,0.391145605,0.60426503,0.367186888,0.999999996
北京乡电电力有限公司,0.521189459,0.841928064,0.319299239,0.393102396,0.523082845,0.272781745,0.615257667,0.353014868,0.999999996
北京书生电子技术有限公司,0.08118023,0.391889637,0.452510906,0.429752431,0.437136927,0.350940486,0.999999998,0.340590156,0.75
北京乾丰益信息技术有限公司,0.281865032,0.696247865,0.306325014,0.644200541,0.463352262,0.391145605,0.670220857,0.350162497,0.999999996
北京乾景园林股份有限公司,0.094512499,0.717275292,0.998400538,0.435881597,0.529580237,0,0.516851532,0.360635038,0.75
北京二十一世纪科技发展有限公司,0.153198084,0.657366247,0.363559525,0.448531709,0.468757657,0.275455178,0.247004299,0.340590156,0.999999996
北京云道智造科技有限公司,0.026424023,0.480002543,0.41158461,0.430852875,0.488510275,0.274157106,0.579091889,0.352834929,0.75
北京互联港湾科技有限公司,0.468258187,0.475111842,0.340250318,0.464997307,0.511762767,0.274927646,0.461360742,0.357641082,0.75
北京亚太环保股份有限公司,0.142473743,0.400488028,0.320456785,0.46237317,0.472333003,0.356560636,0.266922637,0.393208875,0.999999996
北京交大思诺科技股份有限公司,0.059419891,0.640621927,0.368880656,0.426342465,0.533052284,0.391145605,0.999999993,0.605055387,0.75
北京亨通斯博通讯科技有限公司,0.171512946,0.604333398,0.379764023,0.455676494,0.487317079,0.272784029,0.999999998,0.59545733,0.999999996
北京京冶轴承股份有限公司,0.070319054,0.580000048,0.316348811,0.436815235,0.480107668,0.275262228,0.999999998,0.348954447,0.75
北京京城环保股份有限公司,0.106171567,0.627792256,0.999999992,0.47693375,0.540501265,0.272340408,0.450368099,0.917549117,0.999999996
北京京天威科技发展有限公司,0.116487532,0.668453268,0.561101231,0.455516274,0.526824402,0.394956308,0.833791308,0.340590156,0.999999996
北京京源水仪器仪表有限公司,0.122747665,0.475189613,0.408912392,0.496860505,0.474776435,0.272586892,0.670220857,0.430654894,0.999999996
北京京联云软件有限公司,0.112994317,0.65180226,0.64235898,0.883487532,0.207572262,0.391145605,0.357650737,0.359829668,0.75
北京京鸿志科技有限公司,0.352024189,0.384672088,0.3226295,0.457520259,0.468231014,0.305943049,0.999999998,0.355858566,0.999999996
北京人大金仓信息技术股份有限公司,0.148689776,0.629668885,0.478989125,0.42920407,0.506110429,0.391145605,0.999999993,0.340590157,0.75
北京亿华通科技股份有限公司,0.272527591,0.44226534,0.386113178,0.408948826,0.464974641,0.391145605,0.479348164,0.340590156,0.999999996
北京亿海兰特科技发展有限公司,0.356790997,0.367547705,0.302696958,0.432275288,0.503523241,0.391145605,0.373419635,0.340590156,0.999999996
北京亿维德电气有限公司,0.124420459,0.403451938,0.350886587,0.454736767,0.467966455,0.273086249,0.95394084,0.346786983,0.999999996
北京亿美软通科技有限公司,0.165086154,0.639584806,0.645044745,0.440687805,0.547556213,0.272780222,0.999999998,0.83312331,0.75
北京亿赛通网络安全技术有限公司,0.159412152,0.413037864,0.39158702,0.747920992,0.631015723,0.391145605,0.999999998,0.340590156,0.999999996
北京今日影响体育投资管理股份有限公司,0.354162861,0.273243282,0.377308451,0.458463338,0.561666893,0.273421031,0.475101535,0.395152741,0.75
北京仪能科思科技发展有限公司,0.102575877,0.313747917,0.325910272,0.457250336,0.498498019,0.391145605,0.999999993,0.340590157,0.999999996
北京休恩博得科技发展有限公司,0.155662143,0.314365162,0.366158445,0.018602099,0.458389103,0.391145605,0.99340441,0.347138861,0.999999996
北京众享互动传媒科技股份有限公司,0.082106052,0.477792883,0.471622182,0.512710854,0.609756283,0.391145605,0.342860101,0.368134353,0.999999996
北京众驰伟业科技发展有限公司,0.154901626,0.404664616,0.377993174,0.432286936,0.459233832,0.391145605,0.464306026,0.357218521,0.999999996
北京优创新港科技股份有限公司,0.629863108,0.293481955,0.388390852,0.281560034,0.689590021,0.391145605,0.695890211,0.370097588,0.75
北京优学教育科技股份有限公司,0.372024141,0.341277492,0.346246155,0.393272248,0.880781142,0.272787936,0.536037942,0.371619913,0.999999996
北京优材京航生物科技有限公司,0.19841461,0.474470928,0.345219871,0.430852875,0.488356846,0.391145605,0.999999998,0.344115226,0.999999996
北京优纳科技有限公司,0.19841461,0.619247545,0.307474849,0.454613598,0.48780888,0.275455178,0.811476253,0.343854598,0.75
北京伟景行信息科技有限公司,0.00175553,0.346270774,0.290286033,0.438631253,0.487948352,0.391145605,0.999999998,0.364008287,0.999999996
北京伟景行信息科技有限公司2,0.00175553,0.346270774,0.290286033,0.438631253,0.487948352,0.391145605,0.536037942,0.346786983,0.999999996
北京伟景行数字展示科技有限公司,0.134277416,0.371639933,0.381125289,0.46215773,0.257215349,0.273093715,0.999999998,0.34421806,0.999999996
北京伟泽测绘股份有限公司,0.104836501,0.249669229,0.342182261,0.430852875,0.471960078,0.391145605,0.615257667,0.370097588,0.75
北京伟通讯联科技股份有限公司,0.321061603,0.34998792,0.331528587,0.466113016,0.498786214,0.273421031,0.587776073,0.362485962,1
北京佰信蓝图科技股份公司,0.26268564,0.347904011,0.331720177,0.443986664,0.487426781,0.391145605,0.670220857,0.340590156,0.75
北京佳时代包装制品有限责任公司,0.19841461,0.363040064,0.41977266,0.52491121,0.488170055,0.272779411,0.780147235,0.340590156,0.999999996
北京佳讯飞鸿电气股份有限公司,0.19841461,0.745458581,0.999999992,0.475022577,0.488432319,0.391145605,0.999999997,0.340590156,0.75
北京依科曼生物技术股份有限公司,0.114170876,0.504815644,0.303989195,0.454540591,0.495653666,0.391145605,0.652898778,0.455476319,0.75
北京信中利投资股份有限公司,0.150104345,0.690116143,0.533967466,0.509082372,0.553944509,0.391145605,0.999999993,0.346786983,0.899999998
北京信威通信技术股份有限公司,0.19841461,0.88231117,0.376590461,0.480312216,0.999999992,0.888697385,0.247947351,0.369820013,0.999999996
北京信安世纪科技有限公司,0.19841461,0.46597304,0.42197033,0.282322237,0.488417862,0.273388933,0.341265549,0.378856456,0.75
北京信维科技股份有限公司,0.109583389,0.834254578,0.999999992,0.374627951,0.468737909,0.391145605,0.247947351,0.340590156,0.75
北京信联众成技术股份公司,0.362331003,0.47494993,0.388215232,0.421682568,0.485190816,0.391145605,0.604265029,0.365530613,0.500000003
北京信诺达泰思特科技股份有限公司,0.13242634,0.588371461,0.312696041,0.566417946,0.485449151,0.391145605,0.322193942,0.364063174,0.75
北京信诺通联科技有限公司,0.999999991,0.662005176,0.446643817,0.430852875,0.999999992,0.350250927,0.450368099,0.376186889,0.999999996
北京信邦同安电子有限公司,0.277726764,0.477277304,0.644995846,0.69783663,0.54864058,0.272808562,0.999999998,0.369353679,0.999999996
北京元大兴业科技有限公司,0.999999993,0.408669462,0.325656138,0.783537146,0.999999992,0.273421031,0.450368099,0.348785035,0.999999996
北京元鼎时代科技股份有限公司,0.220560488,0.461234979,0.357126145,0.496104816,0.478000938,0.391145605,0.816752719,0.40255257,0.75
北京兆信信息技术股份有限公司,0.144029296,0.70384019,0.804074503,0.435930161,0.479441478,0.391145605,0.247947351,0.390663193,0.75
北京先进数通信息技术股份公司,0.202717592,0.854805203,0.779738706,0.443127723,0.483216265,0.305943049,1,0.472642386,0.75
北京克力爱尔生物实验室工程有限公司,0.177110645,0.254462391,0.338126475,0.454299947,0.460801495,0.305943049,0.999999998,0.340590156,0.999999996
北京全信科工科技发展有限公司,0.169660211,0,0.358166363,0.442490225,0.463046961,0.391145605,0.633615373,0.346112053,0.999999996
北京全网数商科技股份有限公司,0.128493362,0.488120013,0.375805681,0.469824218,0.613575307,0.391145605,0.560294478,0.340590156,0.75
北京全路通信信号研究设计院集团有限公司,0.104186601,0.999999991,0.37764121,0.441302588,0.603612803,0.738607588,0.999999998,0.991869856,0.75
北京六一生物科技有限公司,0.083499536,0.375445796,0.348396142,0.426774878,0.519324342,0.273898024,0.999999993,0.348468056,0.999999996
北京六合联创科技有限公司,0.23433754,0.32805583,0.382422189,0.462592164,0.510796757,0.272787936,0.428043228,0.357918986,0.999999996
北京关键科技股份有限公司,0.257052888,0.999999993,0.424767623,0.430731916,0.962498749,0.391145605,0.328679598,0.340590156,0.75
北京兴科远景科技有限公司,0.299660703,0.335406195,0.332502235,0.431614289,0.492248027,0.305943049,0.670220857,0.395152741,0.999999996
北京兴通力得科技有限公司,0.043104635,0.416477211,0.266214788,0.490535232,0.538102971,0.391145605,0.689787752,0.344115226,0.999999996
北京军懋国兴科技股份有限公司,0.172209662,0.95747108,0.307289608,0.41418368,0.478882305,0.272808578,0.604265029,0.387246676,0.75
北京创世捷能机器人有限公司,0.19841461,0.350194771,0.345219871,0.430852875,0.488356846,0.391145605,0.41739019,0.345307924,0.999999996
北京创世漫道科技有限公司,0.26260373,0.567708667,0.848893104,0.451345627,0.585958665,0.276444292,0.999999998,0.35463924,0.75
北京创和世纪通讯技术股份有限公司,0.242370641,0.528084055,0.345099938,0.459161983,0.502685198,0.274921885,0.835110425,0.354557358,0.75
北京创四方电子股份有限公司,0.294444223,0.386849696,0.382165349,0.438528859,0.462408109,0.272808578,0.823238376,0.340590156,0.999999996
北京利德衡环保工程有限公司,0.20802622,0.606579747,0.461011559,0.450223743,0.464119644,0.272715166,0.582279754,0.340590156,0.999999996
北京利昌鸿达科技股份有限公司,0.289895807,0.327134556,0.350277288,0.455977073,0.999999992,0.391145605,0.780147235,0.346786983,0.75
北京力拓易盛科技有限公司,0.587682638,0.348034884,0.394988638,0.448737829,0.77619903,0.391145605,0.8570957,0.356039806,0.75
北京加美中工贸有限公司0,0.323730844,0.460918862,0.364962692,0.450388588,0.473515226,0.391145605,0.536037942,0.346786983,0.999999996
北京动力源科技股份有限公司,0.105264612,0.713564756,0.677903762,0.446406822,0.483776042,0.272789359,0.999999998,0.78356399,0.75
北京助力软件有限公司,0.424996986,0.326264507,0.40812683,0.430852875,0.60057721,0.391145605,0.999999998,0.352653689,0.75
北京北信源软件股份有限公司,0.048770752,0.788701158,0.82467883,0.454267869,0.624243693,0.272835677,0.999999993,0.982223601,0.75
北京北农大动物科技有限责任公司,0.486382097,0.722768969,0.453628665,0.432044628,0.536465073,0.27428778,0.728702184,0.340590156,0.974999997
北京北创网联科技股份有限公司,0.189851786,0.538938118,0.302155462,0.371372341,0.437128076,0.274157106,0.680034125,0.358882204,0.75
北京北大先锋科技有限公司,0.126659468,0.719522468,0.96046785,0.454949456,0.583448736,0.272782208,0.999999993,0.340590156,0.999999996
北京北大英华科技有限公司,0.31250295,0.452883226,0.30296452,0.456491757,0.487976252,0.272276957,0.533631964,0.381323394,0.75
北京北大软件工程发展有限公司（原北大青鸟）,0.223617409,0.450220125,0.427188655,0.574781434,0.562195833,0.391145605,0.536037942,0.346786983,0.999999996
北京北斗星通导航技术股份有限公司,0.19841461,0.877332202,0.447753667,0.450923277,0.557567828,0.300847816,0.742552415,0.432033251,0.75
北京北森云计算股份有限公司,0.373259443,0.420847956,0.343833994,0.434715401,0.485486224,0.391145605,0.59504857,0.398151103,0.500000003
北京北科维拓科技有限公司,0.19841461,0.415037494,0.290635339,0.352375557,0.488380408,0.391145605,0.481779177,0.362485962,0.999999996
北京北起意欧替起重机有限公司,0.147997467,0.38940241,0.342219786,0.446755826,0.488372595,0.272626538,0.999999993,0.376186889,0.999999996
北京北邮国安技术股份有限公司,0.109091659,0.467369136,0.378643509,0.44155456,0.502133186,0.391145605,0.531054061,0.340590156,0.75
北京匡恩网络科技有限责任公司,0.018139875,0.455183227,0.241324877,0.430852875,0.51414881,0.273012784,0.999999993,0.417983703,0.75
北京医模科技股份有限公司,0.160692555,0.45918641,0.45150305,0.493248483,0.537483183,0.391145605,0.780147235,0.637047206,0.75
北京十二年教育科技股份有限公司,0.19841461,0.410260251,0.309889504,0.459270255,0.487948711,0.391145605,0.538309202,1,1
北京十分科技有限公司,0.142947731,0.496660749,0.435336824,0.546468778,0.525994172,0.274050848,0.536037942,0.340590158,0.500000003
北京华丽达视听科技股份有限公司,0.19841461,0.543751356,0.520651185,0.438301984,0.488597235,0.449013879,0.479348164,0.340590156,0.75
北京华亘安邦科技有限公司,0.205953108,0.60911508,0.510256894,0.452345609,0.536754525,0.273421031,0.826449383,0.340590156,0.75
北京华信佳音医疗科技发展有限责任公司,0.396440363,0.153449327,0.342539475,0.851053103,0.469461428,0.391145605,0.999999998,0.346617517,0.999999996
北京华力兴科技发展有限责任公司,0.085957427,0.690540113,0.325311677,0.489698182,0.510469189,0.391145605,0.615257668,0.40959348,0.999999996
北京华夏乐游科技股份有限公司,0.112716348,0.549534177,0.3489564,0.882493494,0.633753265,0.391145605,0.44487178,0.484371249,0.75
北京华夏大禹科技有限公司,0.101106932,0.398158996,0.335640396,0.442052418,0.466809374,0.391145605,0.934044166,0.340590156,0.999999996
北京华夏视科检测技术有限公司,0.089374383,0.229070188,0.383965124,0.430852875,0.999999992,0.391145605,0.999999998,0.355092344,0.999999996
北京华夏金桥科技发展有限公司,0.19841461,0.407830729,0.395830049,0.437656803,0.506853024,0.391145605,0.780147235,0.346786983,0.999999996
北京华彦邦科技股份有限公司,0.131273965,0.327061646,0.329338838,0.403572249,0.47088627,0.272801791,0.543475742,0.342635314,0.75
北京华想互联科技有限公司,0.095547532,0.332726195,0.378667622,0.456054388,0.999999992,0.391145605,0.472353375,0.364072631,0.999999996
北京华泰焦化工程技术有限公司,0.19841461,0.537956123,0.413886828,0.438065354,0.488478898,0.272781745,0.263703119,0.487452583,0.999999996
北京华清科创科技开发有限公司,0.206642782,0.346314168,0.298509071,0.443262599,0.603256555,0.391145605,0.659228219,0.347138861,0.999999996
北京华环电子股份有限公司,0.19841461,0.604057394,0.4153465,0.470775486,0.488425835,0.391145605,0.363647758,0.439702981,0.75
北京华融启明风险管理技术股份有限公司,0.075438718,0.344654925,0.366300402,0.428168982,0.501292629,0.391145605,0.305797555,0.35482048,0.75
北京华通伟业科技发展有限公司,0.879212848,0.49044988,0.336196228,0.428264738,0.826725471,0.391145605,0.461360742,0.527626943,0.999999996
北京华通兴远供热节能技术有限公司,0.055804232,0.406416644,0.362992375,0.456924425,0.770372111,0.272766995,0.999999998,0.397879713,0.999999996
北京华韵尚德国际文化传播有限公司,0.19841461,0.610718243,0.460988778,0.510476446,0.489702982,0.273012784,0.652898774,0.131935969,0.999999996
北京卓识网安技术股份有限公司,0.124065475,0.395106814,0.411437663,0.455174755,0.634717361,0.391145605,0.537198367,0.364008287,0.75
北京博创凯盛机械制造有限公司,0.17140063,0.584634711,0.495664791,0.504189482,0.550663711,0.273165806,0.132246945,0.340590156,0.999999996
北京博奇电力科技有限公司,0.098757415,0.999999991,0.33586388,0.462854823,0.515273512,0.273323414,0.993184557,0.627232963,0.999999996
北京博威能源科技股份有限公司,0.130949297,0.388170738,0.400838494,0.455789386,0.473439786,0.391145605,0.890073614,0.376186889,0.75
北京博导前程信息技术股份有限公司,0.280102263,0.341154681,0.346265556,0.458910681,0.460525196,0.273421031,0.461360737,0.517375769,0.75
北京博恩特药业有限公司,0.19841461,0.607177498,0.413532279,0.428200281,0.488547714,0.278019969,0.956029441,0.340590156,0.999999996
北京博文卡特科技有限公司,0.260771898,0.900184447,0.348672523,0.467750525,0.457307529,0.273012784,0.393273604,0.368575263,0.75
北京博电新力电气股份有限公司,0.19841461,0.47103456,0.640633541,0.434583751,0.488431385,0.391145605,0.76859918,0.533959314,0.75
北京博纳电气股份有限公司,0.116519405,0.715985008,0.999999992,0.403601758,0.526489401,0.272757444,0.65387082,0.340590156,0.999999996
北京博萨模具股份有限公司,0.154318727,0.36057186,0.382798321,0.477805216,0.488294481,0.391145605,0.560294478,0.346786983,0.999999996
北京博达兴创科技股份公司,0.19841461,0.493196497,0.376100746,0.452361871,0.490320671,0.391145605,0.305797555,0.340590156,0.500000003
北京博雅英杰科技股份有限公司,0.265236773,0.466814257,0.406066653,0.524992067,0.483609242,0.272760093,0.999999993,0.368897428,0.75
北京厚德兴华科技发展有限公司,0.19755158,0.619866889,0.361958955,0.460213036,0.597729355,0.391145605,0.366824052,0.356396661,0.999999996
北京厚德汇通天下信息科技股份公司,0.084962061,0.358749182,0.379956158,0.430852875,0.106114891,0.391145605,0.560294478,0.366148802,0.500000003
北京友友天宇系统技术有限公司,0.089189277,0.518760706,0.346914163,0.435264041,0.470717095,0.391145605,0.400021818,0.395646643,0.75
北京友质科技有限公司,0.386968528,0.321094509,0.361632556,0.433944995,0.512638361,0.391145605,0.560294478,0.362485962,0.999999996
北京双杰电气股份有限公司,0.152021842,0.857286903,0.842345968,0.446913048,0.520106987,0.272763635,0.537198371,0.820879166,0.75
北京司坎・拓普国际电气有限公司,0.108479516,0.308404542,0.356785103,0.403254787,0.445555115,0.272766995,0.593272392,0.340590156,0.999999996
北京合康亿盛变频科技股份有限公司,0.06066337,0.902811432,0.703943152,0.44172934,0.498654343,0.391145605,0.479348164,0.502316594,1
北京合纵科技股份有限公司,0.192054072,0.945285008,0.824645143,0.443233539,0.493762137,0.928367539,0.999999993,0.239616058,0.75
北京同力华盛环保供水科技股份有限公司,0.11677451,0.476341812,0.308439384,0.428559025,0.488545167,0.305943049,0.443401589,0.340590156,0.75
北京同友创业信息技术有限公司,0.338529715,0.326010233,0.319594954,0.46079455,0.458549265,0.272900153,0.881059651,0.350758758,0.75
北京同步科技有限公司,0.176752731,0.450838876,0.3795186,0.451592757,0.549504615,0.27428778,0.310541746,0.789197017,0.999999996
北京君德同创农牧科技股份有限公司,0.137274936,0.383832496,0.33391344,0.460868191,0.479935752,0.394956308,0.479348164,0.340590156,0.75
北京君正集成电路股份有限公司,0.654428661,0.588557505,0.375263329,0.391697279,0.388967426,0.273165806,0.59504857,0.934678419,0.75
北京启迪文创股份有限公司,0.273069592,0.065415666,0.31252606,0.383340089,0.445631883,0.391145605,0.491370639,0.395152741,0.999999996
北京呈创科技股份有限公司,0.096059168,0.459434148,0.377555769,0.539481351,0.562673823,0.272835677,0.450368099,0.340590156,0.75
北京呈天网络科技股份有限公司,0.19841461,0.327378675,0.31537162,0.460201898,0.691061645,0.272787936,0.59504857,0.376186889,0.75
北京和利康源医疗科技有限公司,0.19841461,0.550900367,0.548219216,0.462108308,0.491007701,0.391145605,0.230517632,0.436286465,0.999999996
北京和合医学诊断技术股份有限公司,0.19841461,0.563175495,0.243631109,0.55877377,0.489321165,0.391145605,0.537198367,0.218085583,0.999999996
北京唐桓科技发展有限公司,0.141400355,0.60575858,0.440414715,0.44208126,0.587368925,0.401514223,0.945036803,0.36208708,0.75
北京嘉华通软科技有限公司,0.099327049,0.341164413,0.374018443,0.449772691,0.504087866,0.272787936,0.999999998,0.355767946,0.999999996
北京嘉格伟业筑路科技有限公司,0.625021347,0.344097585,0.344640968,0.665403529,0.53889873,0.273421031,0.450368099,0.340590156,0.999999996
北京国信创新科技股份有限公司,0.19841461,0.538476778,0.461385245,0.456930111,0.488949553,0.391145605,0.285478531,0.340590156,0.75
北京国信同科信息技术股份有限公司,0.19841461,0.596583442,0.423684514,0.415112641,0.488177165,0.305943049,0.537198367,0.343673399,0.75
北京国创富盛通信股份有限公司,0.19841461,0.665069508,0.327077848,0.414273919,0.48812285,0.273210865,0.587172919,0.340590156,0.75
北京国建兴隆节能材料有限公司,0.19841461,0.417250395,0.379181071,0.450494926,0.527290198,0.272784029,0.820490216,0.340590156,0.999999996
北京国电光宇机电设备有限公司,0.095778843,0.492467693,0.302994721,0.435446494,0.46143621,0.391145605,0.890073614,0.340590156,0.999999996
北京国电科源电气有限公司,0.19841461,0.403140849,0.393819661,0.453602235,0.488933395,0.391145605,0.461360737,0.340590156,0.999999996
北京国科恒通科技股份有限公司,0.081692067,0.340315726,0.535525647,0.450310574,0.583787705,0.391145605,0.59504857,0.340590156,0.999999996
北京国能日新系统控制技术有限公司,0.092495396,0.422452237,0.35335878,0.410668253,0.467088203,0.274157106,0.999999993,0.340590156,0.75
北京圣世博泰科技股份有限公司,0.403416249,0.389901155,0.368875205,0.485885093,0.465007833,0.391145605,0.421497964,0.342725934,0.75
北京坎普尔环保技术有限公司,0.248634732,0.39857837,0.317114311,0.832726511,0.475955351,0.316039111,0.999999998,0.379903055,0.999999996
北京城建勘测设计研究院有限责任公司,0.123841797,0.644123814,0.372682634,0.583193664,0.544336902,0.329076344,0.999999998,0.348816681,0.999999996
北京基亚特环保科技有限公司,0.05092759,0.33277037,0.35330528,0.422824998,0.451365014,0.272771134,0.780147235,0.340590156,0.999999996
北京墨迹风云科技股份有限公司,0.176848867,0.414911888,0.356627445,0.674145803,0.500552749,0.272775686,0.94214979,0.226556874,0.500000003
北京大伟嘉生物技术股份有限公司,0.214864021,0.594061407,0.437170964,0.442961276,0.486030699,0.32312373,0.999999993,0.491671939,0.999999998
北京大恒图像视觉有限公司,0.16551667,0.538934387,0.456493978,0.434684884,0.496711649,0.391145605,0.76859918,0.563232117,0.999999996
北京大生知行科技有限公司,0.33182981,0.710263686,0.999999992,0.87200804,0.999999991,0.272827085,0.574035275,0.276135292,0.75
北京天下图数据技术有限公司,0.19841461,0.548857311,0.283809731,0.454124526,0.548384954,0.274050848,0.304669191,0.490453806,0.75
北京天基新材料股份有限公司,0.185806342,0.535751984,0.284762388,0.432388856,0.46958132,0.273652335,0.710748977,0.999999999,0.75
北京天威诚信电子商务服务有限公司,0.269089293,0.647730758,0.397514833,0.340090788,0.4691241,0.540728198,0.94214979,0.340590156,0.75
北京天宇威视科技股份有限公司,0.217599778,0.327751735,0.344596583,0.391668797,0.63142134,0.274050848,0.670220857,0.346786983,0.999999996
北京天捷优越科技有限公司,0.05844147,0.586471664,0.365198307,0.385122016,0.343651537,0.391145605,0.780147235,0.340590156,0.999999996
北京天景隆软件科技有限公司,0.260194362,0.366540694,0.323604522,0.435976101,0.508285226,0.391145605,0.461360737,0.387456981,0.999999996
北京天正楦科网络技术股份有限公司,0.214766994,0.392023319,0.331691786,0.687409727,0.502375181,0.391145605,0.237348279,0.351829686,0.999999996
北京天瑞派明文化传媒股份有限公司,0.042788804,0.33221823,0.329194151,0.430852875,0.326019125,0.275455178,0.901066252,0.999999999,0.75
北京天码吉通数据防伪科技有限公司,0.151856665,0.326533437,0.366186212,0.398020333,0.458993673,0.391145605,0.670220857,0.347138861,0.999999996
北京天福昌运制冷设备安装股份有限公司,0.123895548,0.39225969,0.330348391,0.422495685,0.457275976,0.273012784,0.999999993,0.346786983,0.999999996
北京天行网安信息技术有限责任公司,0.092186308,0.656934398,0.650480507,0.45224752,0.694821523,0.272801791,0.999999998,0.340590156,0.75
北京天诚安信科技股份有限公司,0.46360934,0.290748562,0.479636994,0.532925787,0.640982191,0.391145605,0.371880665,0.343401539,0.75
北京天贝创通科技股份有限公司0,0.415198484,0.326698062,0.355949702,0.482794675,0.539400015,0.391145605,0.536037942,0.346786983,0.999999996
北京天际数字技术股份公司,0.383856726,0.518585903,0.347993628,0.500538478,0.532724711,0.305943049,0.275455061,0.370097588,0.75
北京太极华保科技股份有限公司,0.245618357,0.483745275,0.317515899,0.440302391,0.50367131,0.272787936,0.365614861,0.340590156,0.75
北京太格时代自动化系统设备有限公司,0.075952231,0.729857434,0.464843958,0.53568926,0.529050002,0.391145605,0.421497961,0.356009958,0.75
北京太空板业股份有限公司,0.19841461,0.477879712,0.335141776,0.466496882,0.529103033,0.272779907,0.381664113,0.382564219,0.874999998
北京奇华智慧交通科技股份有限公司,0.055081328,0.687882361,0.781571399,0.456969416,0.565598708,0.391145605,0.63702309,0.341144127,0.999999996
北京奇良海德印刷股份有限公司,0.405795171,0.668979897,0.379694329,0.463466608,0.488316306,0.273055509,0.31405939,0.348863827,0.75
北京奋斗致远文化传媒股份有限公司,0.276892206,0.474654496,0.355179658,0.51193228,0.470044558,0.391145605,0.60030768,0.373142241,0.75
北京奥凯立科技发展股份有限公司,0.128541688,0.524093645,0.419307701,0.455108823,0.664521741,0.391145605,0.794404147,0.385361221,0.75
北京奥瑞安能源技术开发有限公司,0.066855394,0.459460318,0.331494572,0.43943716,0.463728979,0.273220301,0.388687426,0.535340003,0.75
北京奥贝克电子股份有限公司,0.109702682,0.339951665,0.276809217,0.722989704,0,0.391145605,0.363647758,0.347138861,0.75
北京好巧国际旅行社有限公司,0.19841461,0.332726195,0.345219871,0.430852875,0.488356846,0.272787936,0.999999998,0.395152741,0.999999996
北京好运到信息科技有限公司,0.19841461,0.350194771,0.345219871,0.430852875,0.488356846,0.273012784,0.718258684,0.346786983,0.999999996
北京威控科技股份有限公司,0.118813113,0.448530188,0.332651774,0.455110666,0.461348763,0.391145605,0.536037942,0.340590156,0.75
北京宇信科技集团股份有限公司,0.176469659,0.999999991,0.614609322,0.444153796,0.448302369,0.273012784,0.999999993,0.346786983,0.999999996
北京安之文化传播股份有限公司,0.190822319,0.352572521,0.326429239,0.444534785,0.513681696,0.274235471,0.496207399,0.999999999,0.75
北京安控科技股份有限公司,0.072913565,0.781037605,0.367440259,0.441952159,0.887776588,0.276444292,0.547563862,0.421400216,0.75
北京安科管道工程科技有限公司,0.19841461,0.463845551,0.190060197,0.441010013,0.985150815,0.391145605,0.274485894,0.44726645,0.999999996
北京安诺信通信技术有限公司,0.164500952,0.465195584,0.789484103,0.447150835,0.999164667,0.274157106,0.710748977,0.346786983,0.999999996
北京安赛捷智能科技股份有限公司,0.467349778,0.33643545,0.28559032,0.46354143,0.460668341,0.394956308,0.601144762,0.091750035,0.999999996
北京宏光星宇科技发展有限公司,0.075667202,0.400884851,0.228608925,0.366731727,0.458827419,0.273421031,0.991205882,0.340590156,0.999999996
北京宏思电子技术有限责任公司,0.096279586,0.474470928,0.596205182,0.452326787,0.999999991,0.391145605,0.906452644,0.340590156,0.999999996
北京宝丽兴源技术服务股份有限公司,0.374350264,0.999999991,0.335509239,0.461634623,0.477308545,0.391145605,0.019197873,0.340590156,0.75
北京宝兰德软件股份有限公司,0.136118197,0.621004509,0.773348868,0.50712991,0.60345344,0.391145605,0.363647758,0.340590156,0.75
北京宝兴达信息技术有限公司,0.19841461,0.42566775,0.288828309,0.442870666,0.563420464,0.391145605,0.950533123,0.35292555,0.999999996
北京宝德润生医药科技发展有限公司,0.19841461,0.332726195,0.308181748,0.505805636,0.536958302,0.272775686,0.461360742,0.340590156,0.999999996
北京宝润兴业科技股份有限公司,0.208676553,0.515616047,0.332717292,0.402846393,0.481711305,0.305943049,0.280930032,0.345740385,0.75
北京宝辰联合科技有限公司,0.293983917,0.813343058,0.364020185,0.430852875,0.986845434,0.391145605,0.890073614,0.346786983,0.999999996
北京小牛顿科学启蒙教育科技有限公司,0.56364886,0.509814558,0.36197852,0.40157218,0.482178752,0.391145605,0.606452591,0.347916362,0.75
北京小鸟科技股份有限公司,0.233106344,0.420068383,0.389881831,0.440461013,0.557970978,0.272763635,0.496976884,0.340590156,0.75
北京少数派信息科技股份有限公司,0.19841461,0.340524967,0.591172551,0.744597848,0.952197618,0.391145605,0.890073614,0.35472986,0.75
北京尚博信科技有限公司,0.19841461,0.400831064,0.474201917,0.444522094,0.999999992,0.391145605,0.725184051,0.341173411,0.999999996
北京尚精光电技术有限公司,0.270440634,0.545244723,0.331183666,0.449476532,0.870018192,0.391145605,0.678905041,0.340590156,0.999999996
北京崇远信达科技有限公司,0.19841461,0.32695113,0.401652935,0.554692109,0.488290725,0.391145605,0.177189987,0.340590156,0.999999996
北京左江科技股份有限公司,0.19841461,0.341153925,0.363089185,0.423243768,0.488382089,0.305943049,0.305797555,0.345749571,0.75
北京市华都峪口禽业有限责任公司,0.725971712,0.741031727,0.315729071,0.43980581,0.99984294,0.272788035,0.257963593,0.489010775,0.999999996
北京市博汇科技股份有限公司,0.19841461,0.688392354,0.999999992,0.449567265,0.644833352,0.272776812,0.479348164,0.590410423,0.75
北京市富乐科技开发有限公司,0.19841461,0.599313945,0.572882722,0.447243659,0.772368376,0.305943049,0.820600145,0.915981271,0.999999996
北京市建筑工程研究院有限责任公司,0.164627409,0.663689024,0.394845326,0.445075154,0.999999994,0.27278686,0.999999998,0.999999999,0.999999996
北京市轨道交通设计研究院有限公司,0.178207284,0.476216049,0.377351831,0.739561731,0.471777386,0.391145605,0.340441721,0.375779267,0.999999996
北京市软银科技开发有限责任公司,0.19841461,0.410059965,0.18284813,0.449574266,0.828689991,0.274157106,0.890073614,0.797307123,0.999999996
北京市金龙腾装饰股份有限公司,0.20331734,0.660344618,0.483047207,0.486362681,0.483055607,0.272853786,0.305797555,0.340590157,0.75
北京帝测科技股份有限公司,0.480271448,0.480517065,0.317701713,0.181068914,0.501466831,0.272784029,0.332307169,0.349811293,0.75
北京并行科技股份有限公司,0.158026171,0.999999991,0.65180244,0.438156265,0.514769254,0.391145605,0.479348164,0.340590156,0.75
北京广利核系统工程有限公司,0.181981586,0.717673641,0.784760906,0.45367853,0.537200833,0.272808562,0.560294478,0.999999999,0.999999996
北京库蓝科技有限公司,0.214877921,0.396316367,0.298475699,0.501363595,0.491083906,0.391145605,0.340441721,0.340590156,0.999999996
北京康之维科技有限公司,0.149409132,0.392381868,0.350481939,0.46158075,0.488356845,0.305943049,0.725184051,0.441109827,1
北京康斯特仪表科技股份有限公司,0.055804232,0.41672876,0.364325029,0.448451403,0.999999991,0.273391747,0.305797555,0.509625353,0.75
北京康爱瑞浩生物科技股份有限公司,0.100901177,0.811752426,0.76135509,0.728022284,0.45889208,0.391145605,0.479348164,0.345672861,0.75
北京康盛伟业工程技术股份有限公司,0.222984238,0.407830729,0.688492331,0.43746431,0.877062862,0.272586892,0.633945152,0.3621777,0.75
北京康美特科技股份有限公司,0.303474082,0.607751327,0.395446978,0.408604181,0.482648463,0.272827466,0.537198367,0.347916362,0.75
北京开运联合信息技术股份有限公司,0.19841461,0.343351195,0.310078494,0.469100948,0.488832821,0.391145605,0.998680876,0.343220299,0.75
北京弘兆科技有限公司,0.19841461,0.326265406,0.382265018,0.576922834,0.488356846,0.706053455,0.999999998,0.340590156,0.999999996
北京微播易科技股份有限公司,0.331568204,0.80502349,0.377275995,0.456891472,0.900599706,0.391145605,0.710748977,0.340590156,0.75
北京微智信业科技有限公司,0.19841461,0.474470928,0.25949209,0.558602349,0.487628357,0.391145605,0.999999998,0.340590156,0.75
北京微格互动科技股份有限公司,0.999999991,0.362659334,0.444426814,0.502102319,0.807787823,0.272787936,0.190097148,0.340868051,0
北京德威利新能源科技股份有限公司,0.203569699,0.408207537,0.39935545,0.49632452,0.46604729,0.391145605,0.421497961,0.376186889,0.75
北京德美艺嘉文化产业股份有限公司,0.356020662,0.474470928,0.294845083,0.432928743,0.440438613,0.272779808,0.59504857,0.383051907,0.75
北京德美高科科技有限责任公司,0.19841461,0.404176358,0.335129719,0.433156869,0.488563371,0.391145605,0.340441721,0.354173872,0.999999996
北京德融恒通环境科技有限公司,0.144183105,0.999999991,0.295651146,0.369993601,0.47547197,0.272787936,0.91205889,0.353014868,0.999999996
北京德邦大为科技股份有限公司,0.15465457,0.665056201,0.358587939,0,0.474346177,0.458370571,0.59504857,0.340590156,0.75
北京志能祥赢节能环保科技股份有限公司,0.19841461,0.740578455,0.804577042,0.471345479,0.798719373,0.273684217,0.884299586,0.438381365,0.75
北京快乐营教育科技股份有限公司,0.191005464,0.438232907,0.339926578,0.138154637,0.826887924,0.391145605,0.626690011,0.380554792,0.75
北京思创银联科技股份有限公司,0.19841461,0.602659059,0.999999992,0.450992596,0.676393449,0.29328612,0.537198367,0.470068139,0.500000003
北京思普技术有限公司,0.244722147,0.709428459,0.545485061,0.460497267,0.876506202,0.276839279,0.999999998,0.340590156,0.75
北京思特奇信息技术股份有限公司,0.156296746,0.71711062,0.741412145,0.456304528,0.509114614,0.276289234,0.456733501,0.999999999,0.75
北京怡孚和融科技有限公司,0.097668978,0.397136768,0.345378626,0.386773712,0.474837457,0.272853091,0.692206132,0.496671709,0.75
北京恒泰万博石油技术股份有限公司,0.19841461,0.567030807,0.680971951,0.441598326,0.488563822,0.275455178,0.421497961,0.340590156,0.75
北京恒益九州网络科技有限公司,0.11281886,0.999991192,0.416924924,0.556626583,0.467816119,0.274157106,0.450368099,0.346786983,0.999999996
北京恒通绿建节能科技有限公司,0.045959774,0.732178609,0.917746209,0.42277484,0.515612171,0.391145605,0.428382824,0.742185624,0.75
北京恩吉威科技股份有限公司,0.19841461,0.534767911,0.506297394,0.442987103,0.4884909,0.305943049,0.376315413,0.340590156,0.999999996
北京恩吉赛威节能科技有限公司,0.105032477,0.407830729,0.317559823,0.381957449,0.671986695,0.391145605,0.405616421,0.365291956,0.999999996
北京悦康科创医药科技股份有限公司,0.141730093,0.456728856,0.422941863,0.426461691,0.850723794,0.391145605,0.780147235,0.340590156,0.75
北京惠尔三吉绿色化学科技有限公司,0.19841461,0.411151312,0.432183132,0.422744083,0.48832817,0.391145605,0.450368099,0.340590156,0.999999996
北京惠颐科技有限公司,0.11027235,0.332726195,0.313885908,0.513582674,0.999999991,0.391145605,0.560294478,0.367052938,0.999999996
北京意畅科技股份有限公司,0.19841461,0.327152558,0.39561252,0.32941837,0.488671403,0.391145605,0.358061639,0.378057676,0.999999996
北京慧明讯纤维技术有限公司,0.106054123,0.407830729,0.372588759,0.449994753,0.459907865,0.272782606,0.560294478,0.363215785,0.999999996
北京慧通九方科技有限公司,0.132553521,0.54121236,0.363062271,0.455207831,0.58284929,0.275131305,0.999999998,0.340590156,0.999999996
北京护航科技股份有限公司,0.342135059,0.449190074,0.370817283,0.437459379,0.476098549,0.679146306,0.537198367,0.340590156,0.75
北京拓思德科技有限公司,0.126663667,0.407830729,0.470845602,0.567611753,0.476506657,0.274759742,0.255119452,0.340590156,0.75
北京挖金客信息科技股份有限公司,0.19841461,0.546124982,0.488805645,0.589737463,0.675041395,0.391145605,0.421497961,0.34726271,0.500000003
北京捷诺视讯数码科技有限公司,0.19841461,0.405875017,0.473878882,0.439989078,0.498995784,0.391145605,0.890073614,0.340590157,0.75
北京捷通机房设备工程有限公司,0.306257334,0.732092937,0.936675594,0.445019609,0.476734848,0.274401868,0.91205889,0.340590156,0.999999996
北京掌中飞天科技股份有限公司,0.318016544,0.368410156,0.331361683,0.403426816,0.424787369,0.391145605,0.692206132,0.353352013,0.75
北京掌慧纵盈科技股份有限公司,0.19841461,0.54981406,0,0.772396163,0.56759382,0.273833415,0.275348405,0.340831003,0.500000003
北京掌行通信息技术有限公司,0.090444989,0.333312925,0.341642172,0.549059995,0.524865888,0.391145605,0.999999998,0.390355452,0.999999996
北京探索者软件股份有限公司,0.242889658,0.910942076,0.588647835,0.446357209,0.999999991,0.391145605,0.363647758,0.999999999,0.75
北京数字政通科技股份有限公司,0.053713928,0.999999992,0.999999992,0.458692161,0.605258947,0.272842414,0.826449383,0.636694122,0.75
北京文豪宏博尔科技股份有限公司,0.108581812,0.589743909,0.387343563,0.458316617,0.52221825,0.274759742,0.780147235,0.344349004,0.999999996
北京斯普信信息技术有限公司,0.19841461,0.407830729,0.305872354,0.466552143,0.710542071,0.391145605,0.890073614,0.368575263,0.999999996
北京新世纪绿色健康管理有限公司,0.143435204,0.349951335,0.388356819,0.475000177,0.569909678,0.391145605,0.655160943,0.395152741,0.999999996
北京新东方迅程网络科技股份有限公司,0.628558981,0.461868641,0.416197517,0.431179349,0.490436187,0.274061773,0.769154598,0.999999999,0.500000003
北京新兴华安智慧科技有限公司,0.19841461,0.54443152,0.370846296,0.470664018,0.488610065,0.391145605,0.674239187,0.340590156,0.999999996
北京新创迪克系统集成技术有限公司,0.414312689,0.463483267,0.383575771,0.986408849,0.471149423,0.27713549,0.892272142,0.344802105,0.999999996
北京新宇航测控科技股份有限公司,0.191538633,0.518150185,0.380591203,0.489446239,0.842341367,0.273421031,0.461360737,0.411319605,0.75
北京新水源景科技股份有限公司,0.125873995,0.586366022,0.466774086,0.486378249,0.551923786,0.27428778,0.599208416,0.361333449,0.75
北京新片场传媒股份有限公司,0.316228769,0.942747021,0.893928073,1,0.197355143,0.272784029,0.536037942,0.999999999,0.254237295
北京方胜有成科技股份有限公司,0.08697089,0.386226201,0.33031471,0.390655744,0.537424506,0.272763635,0.363647758,0.340590156,0.75
北京无限点乐科技有限公司,0.912931932,0.458634572,0.327663192,0.485834106,0.999999993,0.273049898,0.537198367,0.362485962,0.500000003
北京日升天信科技股份有限公司,0.895183069,0.597266924,0.405897961,0.419989054,0.511302569,0.272276957,0.215125649,0.24264276,0.75
北京日新达能技术有限公司,0.137075463,0.347015478,0.317298726,0.671133005,0.463009143,0.391145605,0.190097148,0.346838489,0.999999996
北京时代新威信息技术有限公司,0.369275302,0.315040461,0.313461169,0.449121541,0.471243176,0.391145605,0.528855538,0.362485962,0.999999996
北京时代锐智科技有限公司,0.19841461,0.469832314,0.323759318,0.442607755,0.464482191,0.274157106,0.650214256,0.340590156,0.999999996
北京昂然时代广告有限公司,0.19841461,0.554826939,0.415762472,0.445134776,0.488165599,0.305943049,0.999999998,0.380554792,0.999999996
北京昆仑万维科技股份有限公司,0.19841461,0.676150928,0.351687637,0.577949101,0.489390032,0.272766267,0.479935704,0.340590156,0.314769972
北京昊海金桥广告有限公司,0.442642899,0.596278549,0.406546781,0.223619192,0.635493007,0.391145605,0.670220857,0.373142241,0.999999996
北京昌石科技有限公司,0.19841461,0.375568805,0.372104186,0.548800783,0.488749022,0.391145605,0.780147235,0.373324783,0.999999996
北京明屹合创科技有限公司,0.576446637,0.306528223,0.388132204,0.432919424,0.462848387,0.391145605,0.505331289,0.376186889,0.999999996
北京明朝万达科技股份有限公司,0.266924343,0.519755248,0.365847539,0.413632462,0.492902804,0.272788217,0.999999993,0.438517659,0.75
北京明通四季科技股份有限公司,0.831705164,0.464210013,0.533710515,0.477340512,0.372026195,0.391145605,0.384030145,0.340590156,0.75
北京易华录信息技术股份有限公司,0.19841461,0.739543779,0.413198966,0.44784689,0.979223484,0.280013559,0.999999993,0.999999999,0.75
北京易豪伟业弱电系统工程技术有限公司,0.19841461,0.409260554,0.440712793,0.461916849,0.488364171,0.272782208,0.70440796,0.365110716,0.999999996
北京星原丰泰电子技术股份有限公司,0.07602266,0.384964684,0.328462675,0.603139183,0.352569659,0.272750127,0.538309206,0.340590156,0.75
北京星际安讯科技有限公司,0.311626766,0.343364749,0.303987125,0.432247684,0.477701496,0.391145605,0.75816196,0.364008287,0.999999996
北京映翰通网络技术股份有限公司,0.172101823,0.396663325,0.391892513,0.400345285,0.490485322,0.273252266,0.710748977,0.356788554,0.75
北京春腾网络科技股份有限公司,0.120180436,0.516894365,0.570566914,0.757081945,0.57343019,0.272787936,0.679564599,0.342695738,0.75
北京普华世通科技有限公司,0.103122127,0.081816138,0.336394849,0.430852875,0.528781449,0.391145605,0.535887846,0.395152741,0.999999996
北京普发动力控股股份有限公司,0.127569903,0.462758091,0.356263309,0.434936048,0.436141846,0.370176288,0.784698515,0.391690838,0.75
北京普惠职道科技发展有限责任公司,0.19841461,0.398564801,0.348147846,0.933872765,0.488130058,0.394956308,0.230515342,0.376186889,0.999999996
北京普源精电科技有限公司,0.19841461,0.667254034,0.536756346,0.44036562,0.488356846,0.272904407,0.494338651,0.999999999,0.999999996
北京智华信科技股份有限公司,0.314645434,0.483889205,0.362252484,0.463348621,0.50017292,0.272808578,0.016546539,0.340590156,0.75
北京智博宝通传媒股份有限公司,0.279659215,0.407830729,0.41764767,0.466917434,0.809354438,0.272819437,0.59504857,0.356396661,0.75
北京智博高科生物技术有限公司,0.19841461,0.65028565,0.860036326,0.471628315,0.489462509,0.274050848,0.479348164,0.422839522,0.999999996
北京暴风微城科技有限公司,0.028661205,0.35837983,0.298833903,0.449495251,0.623226863,0.391145605,0.391602671,0.395152741,0.75
北京望尔生物技术有限公司,0.19841461,0.551044699,0.468174832,0.524512195,0.48820342,0.272782208,0.999999998,0.550217544,0.999999996
北京机电研究所,0.19841461,0.530050928,0.422296491,0.453591342,0.488417282,0.391145605,0.999999998,0.346786983,0.999999996
北京杰利阳能源设备制造有限公司,0.19841461,0.598230678,0.37909885,0.445798514,0.533195535,0.305943049,0.835110425,0.340590156,1
北京杰远电气有限公司,0.19841461,0.529987747,0.385085441,0.451000095,0.488748505,0.305943049,0.999999998,0.368237913,0.999999996
北京极品无限科技发展有限责任公司,0.19841461,0.39937419,0.413869479,0.587545556,0.488439193,0.273421031,0.556227205,0.942149105,0.999999996
北京柏瑞安科技有限责任公司,0.326430657,0.520501528,0.355185463,0.44920576,0.513060579,0.27278297,0.461360737,0.344892725,0.999999996
北京格兰特膜分离设备有限公司,0.113421978,0.597993508,0.321971283,0.42747412,0.897032823,0.272781927,0.999999998,0.340590156,1
北京桔灯地球物理勘探股份有限公司,0.166349755,0.423512425,0.319790425,0.403882845,0.442690906,0.272775686,0.99340441,0.340590156,0.75
北京欧地安科技有限公司,0.106193517,0.790052904,0.713686532,0.444428422,0.572199196,0.27278484,0.999999998,0.442969088,0.999999996
北京正安维视科技股份有限公司,0.571405042,0.400828304,0.329650702,0.395615005,0.578484111,0.272771134,0.652898777,0.340590157,0.75
北京氢璞创能科技有限公司,0.138186839,0.489677731,0.272907262,0.564092263,0.227542277,0.273012784,0.322596698,0.340590157,0.75
北京汇众融成教育科技股份有限公司,0.19841461,0.334198435,0.333151751,0.441034574,0.488401807,0.391145605,0.461360737,0.356396661,0.999999996
北京汇冠新技术股份有限公司,0.157718565,0.625869481,0.507161638,0.672333421,0.478571639,0.272788035,0.884299586,0.378057676,0.75
北京汇新恒信能源科技股份有限公司,0.19841461,0.359891265,0.331038679,0.433614514,0.488154919,0.274157106,0.780147235,0.349811293,0.75
北京汉元一诺科技有限公司,0.274775863,0.518748494,0.378883571,0.459202327,0.543674459,0.274157106,0.560294484,0.340590156,0.999999996
北京汉邦高科数字技术股份有限公司,0.089366764,0.649520229,0.699305432,0.443649802,0.519931185,0.274157106,0.94214979,0.476912792,0.500000003
北京汉龙云泽科技有限公司,0.203633153,0.362373007,0.369800521,0.45109712,0.999999992,0.273421031,0.890073614,0.378057676,0.999999996
北京江桥国际传媒有限责任公司,0.071301011,0.408165287,0.368676722,0.439912614,0.464595684,0.391145605,0.999999998,0.373142241,0.999999996
北京沃尔德斯水务科技有限公司,0.080648198,0.31937536,0.333814434,0.413087679,0.457672782,0.391145605,0.450368099,0.351121239,0.999999996
北京法安通安全信息技术股份有限公司,0.679435582,0.456443309,0.313258798,0.300153647,0.506231739,0.272788035,0.22096185,0.35310679,0.999999996
北京泛鹏天地科技股份有限公司,0.19841461,0.536710111,0.293326512,0.469013447,0.488452514,0.391145605,0.999999993,0.359441311,0.999999996
北京波特光盛石油技术有限公司,0.19841461,0.353868722,0.665122449,0.429887483,0.489074,0.459974637,0.627349569,0.343517594,0.874999998
北京泰诚信测控技术股份有限公司,0.19841461,0.604571671,0.422311411,0.437055897,0.488867171,0.272779692,0.780147235,0.36397726,0.75
北京洁绿科技发展有限公司,0.19841461,0.668784403,0.389048705,0.438741331,0.488407959,0.273012784,0.999999996,0.346786983,1
北京派特森科技发展有限公司,0.19841461,0.686266973,0.999999997,0.434312891,0.488224758,0.391145605,0.850280265,0.346786983,0.999999996
北京派特罗尔油田服务股份公司,0.1954138,0.77988837,0.379909767,0.432951593,0.527828589,0.276289234,0.367791081,0.347138861,0.75
北京流金岁月文化传播股份有限公司,0.310716453,0.53736601,0.41900672,0.811018435,0.485468431,0.391145605,0.479348164,0.515357253,0.775
北京济元紫能环境工程有限公司,0.19841461,0.327473161,0.305704547,0.767483108,0.488383121,0.273421031,0.923051528,0.376186889,0.999999996
北京济元紫能能源科技有限责任公司,0.19841461,0.327388176,0.343691671,0.430852875,0.488408958,0.274157106,0.923051528,0.346786983,0.999999996
北京海博思创科技有限公司,0.101326163,0.543082535,0.292078192,0.434729543,0.477136049,0.391145605,0.826449383,0.343099245,0.75
北京海天众意整合营销顾问股份有限公司,0.19841461,0.533866446,0.325567788,0.740784009,0.488761933,0.272772624,0.252280765,0.346786983,0.75
北京海天瑞声科技有限公司,0.19841461,0.473692873,0.275590611,0.434102901,0.488321589,0.391145605,0.421497961,0.346786983,0.999999996
北京海川世纪科技有限公司,0.243626312,0.4589599,0.305713223,0.425425507,0.476265986,0.391145605,0.931296006,0.367052938,0.999999996
北京海德能水处理设备制造有限公司,0.19841461,0.409192576,0.370420086,0.420858649,0.488399514,0.27428778,0.780147235,0.340590157,0.999999996
北京海斯顿水处理设备有限公司,0.055435256,0.601631267,0.333846823,0.44739906,0.949976342,0.433437595,0.999999998,0.422481677,0.999999996
北京海泰方圆科技股份有限公司,0.19841461,0.668219587,0.430668282,0.456097375,0.488911449,0.391145605,0.826449383,0.346786983,0.999999996
北京海泰瑞德科技发展有限公司,0.200858633,0.514980371,0.313503137,0.732020684,0.228440785,0.272787936,0.780147235,0.351829686,0.999999996
北京海联捷讯科技股份有限公司,0.19841461,0.46677465,0.423546853,0.439697626,0.488544728,0.391145605,0.59504857,0.340590156,0.75
北京海通天成信息技术有限公司,0.19841461,0.326809131,0.351631883,0.523222367,0.488189249,0.272788035,0.780147235,0.367052938,0.999999996
北京润德康医药技术有限公司,0.48025142,0.341150181,0.34819745,0.542177492,0.468566575,0.391145605,0.535887846,0.763968168,0.999999996
北京清大天达光电科技股份有限公司,0.178338206,0.529140388,0.423804911,0.403195438,0.493341224,0.275440263,0.999999993,0.456151537,0.75
北京清水生态环境工程股份有限公司,0.19841461,0.482139898,0.392838479,0.478406646,0.487941575,0.391145605,0.999999993,0.340590156,0.75
北京清流技术股份有限公司,0.170788381,0.530039783,0.398935186,0.204319372,0.512337307,0.391145605,0.331024031,0.340590156,0.999999996
北京清软创新科技股份有限公司,0.108686707,0.298565683,0.394131712,0.507368192,0.573812612,0.391145605,0.505331289,0.340590156,0.75
北京湃生生物科技有限公司,0.19841461,0.999999991,0.398436703,0.585541472,0.488066035,0.273421031,0.658348808,0.340590156,0.999999996
北京点众电子股份有限公司,0.180268268,0.412693075,0.340001076,0.4414337,0.392435118,0.273012784,0.479348164,0.346786983,1
北京煜邦电力技术股份有限公司,0.19841461,0.670399132,0.59278219,0.44484917,0.488598952,0.278292409,0.999999994,0.458621648,0.75
北京爱劳高科技有限公司,0.048821959,0.463341343,0.365338998,0.419124275,0.459937752,0.391145605,0.492140123,0.346786983,0.999999996
北京爱普电力股份有限公司,0.353624353,0.41877032,0.354122395,0.491629061,0.477789925,0.276347602,0.996372422,0.362485962,0.75
北京爱特通科技有限公司(无财务表）,0.19841461,0.474470928,0.345219871,0.430852875,0.488356846,0.391145605,0.536037942,0.346786983,0.999999996
北京爱笑文化传媒股份有限公司,0.230142467,0.536633699,0.589920739,0.454015207,0.755330281,0.273421031,0.494888283,0.346786983,0.75
北京牡丹联友环保科技股份有限公司,0.069826539,0.518730779,0.401529467,0.468198872,0.579822029,0.336288427,0.94214979,0.347150137,0.75
北京特希达科技有限公司,0.083327565,0.586689404,0.348080336,0.480002486,0.55414979,0.273476783,0.780147235,0.452957549,0.999999996
北京特里尼斯石油技术股份有限公司,0.19841461,0.332478427,0.318781743,0.777690774,0.488382086,0.391145605,0.132246945,0.360963637,0.75
北京王府科技有限公司,0.19841461,0.350194771,0.345219871,0.560621764,0.488356846,0.391145605,0.446245731,0.347138861,0.999999996
北京玻钢院复合材料有限公司,0.143869423,0.648500979,0.329458541,0.439786169,0.503877564,0.272779328,0.780147235,0.786359855,0.999999996
北京理正人信息技术有限公司,0.19841461,0.418315604,0.334196162,0.435995405,0.488188983,0.391145605,0.999999998,0.340590156,0.999999996
北京理正软件股份有限公司,0.19841461,0.629802161,0.398819764,0.440769419,0.488516561,0.391145605,0.999999993,0.538322979,0.999999996
北京瑞光极远数码科技有限公司,0.032755608,0.35031986,0.293397292,0.4215916,0.704041162,0.272808578,0.896669197,0.342454073,0.999999996
北京瑞宝利热能科技有限公司,0.060429273,0.582161768,0.436000075,0.428826444,0.576905839,0.722556926,0.56783276,0.340590156,1
北京瑞尔非金属材料有限公司,0.19841461,0.464920376,0.453085799,0.442011275,0.56494552,0.273421031,0.999999998,0.34403588,0.999999996
北京瑞祺皓迪技术股份有限公司,0.19841461,0.466710266,0.340905353,0.691195451,0.488450107,0.391145605,0.560294478,0.345840191,0.999999996
北京瑞芬生物科技股份有限公司,0.19841461,0.343539803,0.348235701,0.493896336,0.488267416,0.391145605,0.34593804,0.340590156,0.75
北京瑞赛长城航空测控技术有限公司0,0.158203309,0.534664818,0.319898265,0.452260454,0.47181216,0.391145605,0.536037942,0.346786983,0.999999996
北京瑞达恩科技股份有限公司,0.105830201,0.304161321,0.327530932,0.417680794,0.347077165,0.391145605,0.750137334,0.340590156,0.999999996
北京瑞风协同科技股份有限公司,0.124620552,0.548531289,0.291458363,0.418776627,0.473179617,0.391145605,0.524175195,0.419684313,0.75
北京瓜尔润科技股份有限公司,0.157914794,0.453536334,0.344052486,0.447558969,0.394386987,0.391145605,0.725184046,0.356987272,0.75
北京电旗通讯技术股份有限公司,0.133080561,0.552610787,0.39517158,0.451154352,0.990327318,0.391145605,0.999999993,0.341727231,0.500000003
北京百特新语文化传播有限公司,0.237521479,0.296356552,0.434684856,0.494473262,0.986617732,0.458370571,0.999999998,0.272317006,0.999999996
北京百瑞视光电技术有限公司,0.382189186,0.74075015,0.390464329,0.845926387,0.475128278,0.272808578,0.999999998,0.340921623,0.999999996
北京百迈客生物科技有限公司,0.173018884,0.600262889,0.405278836,0.486254006,0.595136334,0.276234309,0.534165241,0.700878029,0.75
北京百途互动科技股份有限公司,0.166284313,0.999999991,0.360022581,0.537815228,0.420642383,0.391145605,0.247947351,0.356806031,0.75
北京百闻思科技有限公司,0.19841461,0.338207179,0.324958755,1,0.960566517,0.391145605,0.799933984,0.387456981,0.75
北京盈创再生资源回收有限公司,0.323650947,0.449375367,0.353899844,0.444653359,0.232860126,0.276524031,0.349565613,0.340590156,0.75
北京盈想东方科技股份有限公司,0.066362228,0.459460318,0.330216539,0.441563536,0.463726406,0.273421031,0.461360737,0.372383669,0.999999996
北京盈科瑞药物研究院有限公司,0.19841461,0.466693342,0.358339124,0.426205971,0.489094607,0.391145605,0.899886229,0.963156661,0.75
北京益泰东方电子技术有限公司,0.201826183,0.326829691,0.296423076,0.530421281,0.468261132,0.391145605,0.845773283,0.356396661,0.999999996
北京盛世创先科技发展有限公司,0.19841461,0.467280052,0.351648902,0.445784043,0.492522325,0.275455178,0.600042658,0.346786983,0.999999996
北京盛威时代科技有限公司,0.082178096,0.405796648,0.208008836,0.637261424,0.531454304,0.27713549,0.247947351,0.345740385,0.999999996
北京盛景嘉成投资管理有限公司,0.16784074,0.5271331,0.430686834,0.686452813,0.83779064,0.391145605,0.999999993,0.346786983,0.999999996
北京真视通科技股份有限公司,0.112278483,0.742020605,0.393094734,0.437416764,0.500926103,0.391145605,0.999999993,0.695204002,0.75
北京睿智开元科技孵化器有限公司,0.19841461,0.534941861,0.571946374,0.264453646,0.488510613,0.391145605,0.648235581,0.387456981,0.999999996
北京矿大能源安全科技有限公司,0.19841461,0.321948677,0.42246665,0.442541146,0.607367843,0.391145605,0.999999998,0.367052938,0.999999996
北京硕瑞伟业控制技术股份有限公司,0.114300529,0.405412296,0.351096925,0.408707477,0.485561438,0.274959511,0.572386386,0.357934737,0.75
北京确安科技股份有限公司,0.140656981,0.361395187,0.462027329,0.785535422,0.514301979,0.391145605,0.999999993,0.650300847,0.75
北京神州卓越石油科技有限公司,0.107463669,0.400490972,0.343582745,0.456265683,0.5155801,0.272808562,0.298779623,0.368237913,0.999999996
北京神州安信科技股份有限公司,0.189891541,0.729298003,0.386976276,0.465348393,0.670834686,0.391145605,0.458973262,0.35482048,0.999999996
北京神州普惠科技股份有限公司,0.19841461,0.69185909,0.376276962,0.450558221,0.488639418,0.273165806,0.999999993,0.443230331,0.75
北京福润联石化科技开发有限公司,0.19841461,0.46325064,0.352185322,0.53661305,0.6800202,0.391145605,0.670220857,0.340590156,0.999999996
北京科净源科技股份有限公司,0.094497567,0.647434752,0.464764631,0.317556813,0.480111734,0.272780437,0.705880257,0.575479073,0.75
北京科加触控技术有限公司,0.552166125,0.32561178,0.480460291,0.426272006,0.338630139,0.391145605,0.307903513,0.369353679,0.999999996
北京科卫临床诊断试剂有限公司,0.159011439,0.320568664,0.334304861,0.474068889,0.474776252,0.272742711,0.999999998,0.349549132,0.999999996
北京科基中意汽车技术有限公司,0.219690294,0.37970661,0.437753476,0.458911243,0.459699228,0.305943049,0.780147235,0.366330042,0.999999996
北京科易动力科技有限公司,0.415765841,0.547327789,0.567727654,0.811310586,0.469546396,0.394956308,0.76859918,0.430964137,0.75
北京科诺德技术装备有限公司,0.181707432,0.451340751,0.375384318,0.455743542,0.502156448,0.273865182,0.833901235,0.345749571,0.999999996
北京精准沟通传媒科技股份有限公司,0.19841461,0.46863688,0.34605887,0.492817662,0.487656121,0.391145605,0.670220857,0.365530613,0.999999996
北京精雕精密机械制造有限公司,0.213662868,0.604904698,0.595301517,0.538852645,0.582755877,0.272880636,0.999999998,0.340590156,0.999999996
北京索为系统技术股份有限公司,0.063732688,0.51372422,0.416478129,0.447889098,0.599635374,0.274157106,0.826449383,0.340590156,0.75
北京紫控科技有限公司,0.130359499,0.341194201,0.342518005,0.460215808,0.462396846,0.391145605,0.560294478,0.357918986,0.999999996
北京纬纶华业环保科技股份有限公司,0.077251989,0.518118622,0.394210797,0.455093693,0.504058051,0.383385133,0.718588463,0.470486488,0.75
北京维拓时代建筑设计股份有限公司,0.250269593,0.65479635,0.63364746,0.453618066,0.505015208,0,0.999999993,0.372802018,0.999999996
北京维普时代软件有限公司,0.19841461,0.466344168,0.331693148,0.435376614,0.488559723,0.394956308,0.999999998,0.351829686,0.999999996
北京绿创声学工程股份有限公司,0.087301354,0.652860045,0.473654252,0.43964953,0.519324883,0.305943049,0.461360737,0.390547711,0.75
北京网信通信息技术股份公司（信用评级报）,0.195444756,0.355109079,0.630585957,0.480240165,0.481943455,0.391145605,0.536037942,0.346786983,0.999999996
北京网聚无限通信技术有限公司,0.19841461,0.341200461,0.341827294,0.367359322,0.488605719,0.272816143,0.615257668,0.378057676,0.75
北京网能经纬科技有限公司,0,0.551639993,0.34043342,0.385098307,0.48843514,0.391145605,0.808288389,0.358882204,0.999999996
北京美中双和医疗器械股份有限公司,0.12275591,0.603181831,0.323461041,0.44911021,0.472618752,0.272784029,0.554578307,0.340590156,0.75
北京美氏高食品科技股份有限公司,0.19841461,0.86076114,0.341505043,0.316648504,0.138495648,0.272808578,0.849290928,0.380554792,0.999999996
北京美福科技股份有限公司,0.234300918,0.412079528,0.390645579,0.494423451,0.883089962,0.391145605,0.794589278,0.365530613,0.75
北京美科华仪科技有限公司,0.607810363,0.007029166,0.382433278,0.431337695,0.459618829,0.305943049,0.461360737,0.340590156,1
北京群智合信息科技股份有限公司,0.090241685,0.121261653,0.403970896,0.460276074,0.47811334,0.391145605,0.421497961,0.353352013,0.75
北京群祥兴新材料科技股份有限公司,0.135862443,0.999999991,0.291177553,0.454331431,0.534387728,0.391145605,0.920303368,0.340590156,0.75
北京羿射旭科技有限公司,0.133861624,0.390757753,0.361770248,0.407879217,0.460305923,0.272808578,0.450368099,0.340590156,0.999999996
北京联益合创科技股份有限公司,0.19841461,0.341245348,0.316196452,0.27936261,0.487660212,0.272775686,0.461360742,0.349720673,0.75
北京联飞翔科技股份有限公司,0.13583771,0.687093207,0.452395696,0.441713427,0.56348307,0.273012668,0.999999993,0.546860696,0.75
北京聚利科技股份有限公司,0.107406967,0.79164725,0.861556702,0.480150447,0.553658625,0.274927646,0.423777016,0.492309737,0.75
北京胡杨网络科技股份有限公司,0.763770334,0.530034559,0.330665856,1,0.964926216,0.391145605,0.510937534,0.376186889,0.75
北京航天爱威电子技术有限公司,0.19841461,0.641964112,0.645004103,0.43571088,0.488237283,0.391145605,0.999999998,0.461701161,0.999999996
北京航宇创通技术有限公司,0.19841461,0.54166732,0.388977162,0.471835227,0.488399017,0.391145605,0.780147235,0.366148802,0.999999996
北京艾斯蒙科技有限公司,0.124855364,0.334573243,0.370229291,0.457624252,0.495253698,0.274157106,0.421497961,0.348863827,0.75
北京艾瑞信系统工程技术有限责任公司,0.19841461,0.481236382,0.490599996,0.415553165,0.48816115,0.391145605,0.560294484,0.342695738,0.999999996
北京英力精化技术发展有限公司,0.455071074,0.468226868,0.292248935,0.491710803,0.472659656,0.391145605,0.999999993,0.35112922,0.999999996
北京英夫美迪科技股份有限公司,0.099755873,0.455940516,0.349769821,0.440641799,0.504189614,0.391145605,0.421497961,0.340590156,0.75
北京荣之联科技股份有限公司,0.19841461,0.826155829,0.999999992,0.43458921,0.488416003,0.274754445,0.999999993,0.419447047,0.999999996
北京莱伯泰科仪器股份有限公司,0.19841461,0.623239173,0.428730193,0.44889664,0.488615058,0.272808578,0.025144024,0.428674839,0.75
北京莱斯达电子科技股份有限公司,0.125852378,0.31301795,0.377921533,0.454728239,0.460314901,0.391145605,0.305797555,0.368237913,0.75
北京蓝光引力网络股份有限公司,0.999999991,0.395753847,0.458022655,0.430852875,0.999999991,0.391145605,0.421497964,0.340590157,0.75
北京蓝卫通科技有限公司,0.113161232,0.527354762,0.527417698,0.442418735,0.521921204,0.391145605,0.4315616,0.340590157,0.75
北京蓝桃文化股份有限公司,0.258397406,0.326989329,0.341414455,0.46677899,0.460372331,0.272787936,0.363746113,0.369494292,0.75
北京蓝海讯通科技股份有限公司,0.059956223,0.705261837,0.856297521,0.743692972,0.472911786,0.326082333,0.768599184,0.340590156,0.1937046
北京蓝玛世邦科技股份有限公司,0.146708842,0.372796187,0.358323876,0.639680407,0.470058401,0.391145605,0.536037942,0.370097588,0.75
北京虎符科技股份有限公司,0.099654776,0.386413634,0.299422056,0.439984621,0.217833372,0.391145605,0.421497961,0.340590156,0.725
北京蛙视通信技术股份有限公司,0.105377346,0.525091584,0.344678357,0.458690115,0.52556197,0.391145605,0.363647758,0.354150629,0.75
北京融安特智能科技股份有限公司,0.20742954,0.54606163,0.409147732,0.335934031,0.464983478,0.391145605,0.535887846,0.371651559,0.75
北京融海数据科技股份有限公司,0.19841461,0.472202297,0.31307551,0.393433742,0.488116016,0.391145605,0.290864924,0.349585221,0.525000003
北京视联动力国际信息技术有限公司,0.214361118,0.38855869,0.405333321,0.393801743,0.495345701,0.272788035,0.548312507,0.5018257,0.75
北京视通天地科技发展有限公司,0.19841461,0.411291206,0.378958545,0.414737695,0.488177089,0.391145605,0.672529311,0.365530613,0.999999996
北京讯众通信技术股份有限公司,0.19841461,0.404512668,0.300060418,0.474158039,0.488227663,0.391145605,0.536037942,0.348785035,0.75
北京讯风光通信技术开发有限责任公司,0.19841461,0.607635904,0.321225758,0.58307007,0.488173645,0.273405321,0.395404913,0.340590156,0.999999996
北京诚志北分机电技术有限公司,0.286800046,0.356934258,0.465390424,0.450928857,0.459422924,0.305943049,0.450368099,0.343912702,0.999999996
北京诚栋国际营地集成房屋股份有限公司,0.144665973,0.55606784,0.392451225,0.411562274,0.458057459,0.272788035,0.999999993,0.340590156,0.75
北京诺亚舟财务咨询有限公司,0.132620837,0.48402188,0.388326442,0.444875675,0.461092624,0.275455178,0.999999998,0.346786983,0.999999996
北京赛亿科技有限公司,0.19841461,0.326650257,0.355480213,0.471420112,0.507249455,0.391145605,0.890073614,0.347138861,0.999999996
北京赛诺水务科技有限公司,0.19841461,0.66442277,0.430258728,0.473038715,0.488492271,0.391145605,0.999999998,0.340590156,0.75
北京赞成科技发展有限公司,0.19841461,0.617655186,0.41283858,0.440396673,0.489598276,0.274157106,0.999999998,0.468716284,0.75
北京起步科技股份有限公司,0.056154591,0.420686041,0.34932106,0.470685911,0.461749531,0.391145605,0.45445819,0.341234748,0.75
北京超星数图信息技术有限公司,0.19841461,0.343429489,0.193821491,0.085920608,0.488138082,0.300600802,0.645047716,0.340590156,0.999999996
北京车讯互联网股份有限公司,0.169842725,0.405152863,0.336148401,0.525706078,0.612890226,0.272788217,0.771792831,0.387456981,0.75
北京轩昂环保科技股份有限公司,0.256549846,0.524193768,0.354126961,0.63749524,0.549944061,0.273524839,0.44223355,0.351887464,0.999999996
北京轩瑞锋尚科技股份有限公司,0.19841461,0.326435928,0.371236977,0.434864547,0.488202803,0.274050848,0.643948452,0.340590156,0.774999999
北京辰安科技股份有限公司,0.057227378,0.648431626,0.312902325,0.381230361,0.468867683,0.305943049,0.999999993,0.640882438,0.75
北京达博有色金属焊料有限责任公司,0.19841461,0.596805846,0.357132529,0.446466868,0.48834322,0.273598238,0.999999993,0.361274911,0.999999996
北京迈基诺基因科技股份有限公司,0.090083625,0.855682566,0.350806472,0.400979696,0.483502238,0.391145605,0.583653295,0.340590156,0.75
北京远大宏略科技股份有限公司,0.19841461,0.559302113,0.566027315,0.544487262,0.489527087,0.391145605,0.391447563,0.361048994,0.75
北京远方动力可再生能源科技股份公司,0.194369919,0.460193655,0.332340747,0.487407896,0.476055276,0.394956308,0.421497961,0.315608853,1
北京邢钢焊网科技发展有限责任公司,0.19841461,0.401128642,0.276543831,0.448281168,0.488295368,0.272802768,0.999999998,0.340590156,0.999999996
北京邦天信息技术有限公司,0.20683889,0.325851331,0.318039612,0.418504015,0.494968036,0.391145605,0.34593804,0.340590157,0.75
北京金刚游戏科技股份有限公司,0.089369221,0.393490454,0.248051457,0.4927876,0.341233237,0.391145605,0.652898774,0.367710912,0.75
北京金地沃克城市交通咨询有限公司,0.090268381,0.316617693,0.294659237,0.464169306,0.661904706,0.391145605,0.560294478,0.360010909,0.999999996
北京金山顶尖科技股份有限公司,0.135094729,0.728456993,0.368462734,0.388366211,0.430755367,0.272781745,0.479348164,0.342833149,0.75
北京金控数据技术股份有限公司,0.19841461,0.464636261,0.316579646,0.414629445,0.488194601,0.391145605,0.999999993,0.351071116,0.75
北京金泰得生物科技股份有限公司,0.19841461,0.545432059,0.283510431,0.482357498,0.487931922,0.391145605,0.94214979,0.340590156,0.75
北京金煤创业科技股份有限公司,0.247986611,0.328546094,0.355512254,0.400959977,0.458911838,0.272763635,0.576783435,0.340590157,0.999999996
北京金至科技股份有限公司,0.175020174,0.472895317,0.346465712,0.454840396,0.493374323,0.272900153,0.771353125,0.371248611,0.75
北京金良安科技有限公司,0.19841461,0.31788217,0.330223088,0.572899875,0.488192068,0.391145605,0.835110425,0.346786983,0.999999996
北京金色农华种业科技股份有限公司,0.19841461,0.803122389,0.897581774,0.452970054,0.488480489,0.272819404,0.999999993,0.683804685,0.999999996
北京金量威科技有限公司,0.106599031,0.336742649,0.285052678,0.432692164,0.458492947,0.391145605,0.340441721,0.371619913,0.999999996
北京金雨科创自动化技术股份有限公司,0.225555164,0.326281449,0.455468902,0.408299731,0.65627567,0.391145605,0.392918086,0.340590156,0.75
北京鑫海莱光电科技有限公司,0.12709573,0.33539371,0.369748107,0.457681733,0.462742583,0.272808562,0.505331289,0.341091586,0.999999996
北京鑫紫竹兴业医疗器械股份有限公司,0.273075823,0.342715775,0.350288301,0.479789708,0.53857375,0.391145605,0.88018024,0.346786983,0.75
北京钱粮科技有限公司,0.19841461,0.386671279,0.444448834,0.460916562,0.999999991,0.272788234,0.922282043,0.35030736,0.75
北京银贝壳科技有限公司,0.487043628,0.163368562,0.38670989,0.802540578,0.538973278,0.391145605,0.233788394,0.340590156,0.999999996
北京长城华冠汽车科技股份有限公司,0.19841461,0.600858805,0.209379909,0.437606521,0.487551724,0.272819106,0.537198367,0.742185624,0.75
北京阜康仁生物制药科技有限公司,0.446897428,0.424640151,0.357180678,0.437348319,0.468583786,0.272779328,0.450368099,0.346786983,1
北京隆科兴非开挖工程股份有限公司,0.19841461,0.533224863,0.464857147,0.494373565,0.488503203,0.298273672,0.826449383,0.419907907,0.75
北京雅康博生物科技有限公司,0.039224514,0.628374106,0.999999992,0.424572582,0.256863284,0.272779775,0.999999993,0.341635024,0.75
北京雅迪力特航空新材料股份公司,0.19841461,0.343620763,0.295235823,0.40056611,0.488312263,0.391145605,0.989007355,0.327708603,0.999999996
北京集光通达科技有限责任公司,0.116293838,0.31482956,0.382344813,0.501917397,0.649515125,0.391145605,0.463669191,0.346786983,0.999999996
北京集奥聚合科技有限公司,0.300059929,0.415784107,0.534446698,0.426031995,0.802455682,0.272900153,0.536037942,0.479225332,0.75
北京集智达智能科技有限责任公司,0.19841461,0.66723472,0.45635694,0.450938318,0.488319072,0.391145605,0.487912397,0.340590156,0.75
北京雷动云合智能技术有限公司,0.006127324,0.477657836,0.294851765,0.689014255,0.721197725,0.391145605,0.445641351,0.387858336,0.75
北京青元盛康生物医药科技有限公司,0.110059643,0.409229407,0.359610234,0.4904182,0.467197807,0.391145605,0.54930184,0.378057676,0.75
北京韦加无人机科技股份有限公司,0.741079011,0.408999379,0.382221336,0.703595584,0.908319928,0.394956308,0.516323927,0.40015739,0.75
北京韦德意尔科技发展有限公司,0.19841461,0.333746538,0.326075887,0.440383947,0.488157166,0.391145605,0.958557748,0.358115977,0.999999996
北京韩建河山管业股份有限公司,0.198163694,0.807671933,0.938016239,0.462598459,0.444896065,0.273078751,0.999999993,0.473043791,0.849999999
北京韵盛发科技有限公司,0.087821398,0.481369683,0.364774887,0.451221806,0.027050699,0.391145605,0.94214979,0.350849378,0.75
北京飞扬天下网络科技股份有限公司,0.050449473,0.447548431,0.348417223,0.433283082,0.547089346,0.440742113,0.998351097,0.509436756,0.75
北京首科化微电子有限公司,0.106254396,0.603206234,0.314993242,0.438264384,0.479893785,0.272855309,0.999999998,0.340590156,0.999999996
北京香溢四海科技有限公司,0.070523526,0.777698415,0.334585284,0.890233734,0.551680967,0.391145605,0.999999998,0.362485962,0.75
北京高威科电气技术股份有限公司,0.203601481,0.655153414,0.468942853,0.463552348,0.480979584,0.391145605,0.999999993,0.459636888,0.75
北京高德体育文化股份有限公司,0.31052115,0.372467238,0.455140635,0.461503573,0.578352005,0.273421031,0.406397548,0.360867754,0.75
北京高思博乐教育科技股份有限公司,0.11666872,0.348936534,0.414204605,0.468730277,0.587444666,0.27278446,0.826449383,0.348591967,0.250000006
北京高能时代环境技术股份有限公司,0.144804277,0.781061763,0.349121456,0.45438265,0.537607046,0.272588994,0.999999993,0.999999999,0.999999996
北京鸿仪四方辐射技术股份有限公司,0.720852729,0.584428952,0.420704244,0.461418682,0.604347869,0.278584697,0.999999998,0.340590156,0.75
北京鼎实创新科技股份有限公司,0.27654657,0.4575359,0.486081638,0.435749756,0.459250989,0.391145605,0.472353375,0.344802105,0.75
北京鼎普科技股份有限公司,0.19841461,0.732814254,0.373434512,0.423294191,0.488320735,0.272835677,0.400351601,0.402387057,0.75
北京鼎汉技术股份有限公司,0.19841461,0.841727452,0.575031377,0.49067659,0.488664163,0.305943049,0.421497961,0.548602869,0.75
北京龙盛世纪科技股份有限公司,0.366545682,0.464962394,0.340450004,0.429310102,0.771550978,0.391145605,0.265546592,0.387456981,0.75
北京龙翔达信息技术有限公司,0.111696137,0.721715371,0.583762022,0.457075428,0.531637725,0.272880636,0.650434109,0.340590156,0.999999996
北京龙腾佳讯科技股份公司,0.389544393,0.530859594,0.417954318,0.437039804,0.711957909,0.391145605,0.6078926,0.365530613,0.75
北大医疗信息技术有限公司,0.19841461,0.542456183,0.423069616,0.41191967,0.48818247,0.272775686,0.670220857,0.344193945,0.75
北斗天汇（北京）科技有限公司,0.366886857,0.503626137,0.346513965,0.480063735,0.467188811,0.391145605,0.999999993,0.351489465,0.75
医养康（北京）健康管理有限公司,0.063642668,0.395811194,0.362577772,0.475662468,0.265074537,0.391145605,0.670220857,0.34421806,0.999999996
华克医疗科技（北京）股份公司,0.19841461,0.471484874,0.401384561,0.451603533,0.489708294,0.391145605,0.538968761,0.345672861,0.75
华夏文广传媒集团股份有限公司,0.19841461,0.463529429,0.436513192,0.47888954,0.488245766,0.391145605,0.999999998,0.346786983,0.999999996
华海（北京）科技股份有限公司,0.255814072,0.391645029,0.346930411,0.489017177,0.490536403,0.305943049,0.725184046,0.364008287,0.75
华清科盛（北京）信息技术有限公司,0.218745551,0.332458275,0.40165,0.386149155,0.530248334,0.391145605,0.391790375,0.355860418,0.825000004
华贸广通供应链管理（北京）股份有限公司,0.19841461,0.601576955,0.312506788,0.430303819,1,0.391145605,0.132241159,0.373142241,1
华通远航（北京）科技发展有限公司,0.19841461,0.341178612,0.345303094,0.464939454,0.488196972,0.391145605,0.945036803,0.340590156,0.999999996
卓越运维（北京）科技有限公司,0.19841461,0.326590931,0.302157353,0.452513639,0.999999992,0.391145605,0.369242432,0.346786983,0.999999996
博彦科技股份有限公司,0.198404352,0.812929098,0.336680955,0.452969155,0.908715491,0.272913711,0.999999993,1,0.75
博彦网鼎信息技术有限公司,0.252710972,0.593921535,0.514555915,0.464285904,0.459560733,0.305943049,0.615863192,0.384317297,0.75
叠云（北京）科技股份有限公司,0.242303758,0.390597101,0.43638801,0.61512265,0.999999991,0.391145605,0.287116039,0.340590156,0.75
司姆泰克文化创意（北京）股份有限公司,0.266464457,0.39750398,0.329050335,0.590771013,0.374186623,0.272766995,0.418827979,0.346786983,0.75
同力天合（北京）管理软件股份有限公司,0.19841461,0.326956639,0.373031693,0.530577427,0.488932056,0.391145605,0.230517632,0.357934737,0.75
同方威视技术股份有限公司,0.137401806,0.999999991,0.402538341,0.455052217,0.527019081,0.274294799,0.94214979,0.54795172,0.75
同辉佳视(北京)信息技术股份有限公司,0.19841461,0.597495706,0.315376759,0.432509754,0.48826705,0.274157106,0.461360737,0.346786983,0.999999996
品牌联盟（北京）咨询股份公司,0.19841461,0.314825093,0.360203382,0.411770554,0.504090122,0.272763635,0.482026898,0.376186889,1
哲想方案（北京）科技有限公司,0.19841461,0.468017836,0.297878149,0.277701632,0.488167289,0.391145605,0.989556987,0.340590156,0.999999996
唐音无限（北京）科技有限公司,0.19841461,0.369605701,0.412168301,0.430852875,0.489143127,0.391145605,0.618885092,0.346786983,0.999999996
国源容开国际科技（北京）股份有限公司,0.095011167,0.818030065,0.999999992,0.191744337,0.42491516,0.391145605,0.560294478,0.346786983,0.999999996
国电博纳(北京)电力设备有限公司,0.0776856,0.33087041,0.403737046,0.461595884,0.441738782,0.273153391,0.999560287,0.346786983,0.999999996
国电康能科技股份有限公司,0.174245305,0.612650741,0.352265443,0.434312793,0.504177235,0.273165806,0.193909858,0.443665959,0.999999996
国电远鹏能源科技股份有限公司,0.198270881,0.397319534,0.429429675,0.443936851,0.486021933,0.272766267,0.521490466,0.371619913,0.75
国能中电能源集团有限责任公司,0.036961796,0.667912522,0.323104942,0.34122081,0.410611095,0.391145605,0.999999993,0.356806031,0.999999996
国能生物发电集团有限公司,0.19841461,0.881342233,0.999999992,0.463401157,0.488218064,0.458370571,0.82554683,0.340590156,0.999999997
塔米智能科技（北京）有限公司,0.122236918,0.320283667,0.33483816,0.449442741,0.513852851,0.391145605,0.652898774,0.372011807,0.75
多立恒（北京）能源技术股份公司,0.19841461,0.474867432,0.319375367,0.398423946,0.488355833,0.272808578,0.307980615,0.372933718,0.75
大医科技股份有限公司,0.111615609,0.384697806,0.383083319,0.483001875,0.54486373,0.391145605,0.73782558,0.340590158,0.999999996
大唐电信国际技术有限公司,0.19841461,0.675417945,0.999999992,0.516791101,0.488114854,0.391145605,0.461360737,0.346786983,0.999999996
大唐融合通信股份有限公司,0.19841461,0.531491628,0.361638928,0.427466051,0.488421186,0.272763635,0.725184048,0.340590156,0.75
大洋汇达科技（北京）有限公司,0.123877276,0.21016124,0.394646165,0.461523198,0.508909074,0.391145605,0.755853506,0.358791582,0.999999996
太和华美（北京）医药科技股份有限公司,0.264852644,0.34610496,0.397273692,0.441443048,0.465006649,0.391145605,0.590304379,0.346786983,0.75
央广视讯传媒股份有限公司,0.136206211,0.766461687,0.551576569,0.44798564,0.567294117,0.272777639,0.442690554,0.347553882,0.75
安世亚太科技股份有限公司,0.101471676,0.591700585,0.694777313,0.425672396,0.480473114,0.272653636,0.595048574,0.340590156,0.750000001
安泰科技股份有限公司,0.160678106,0.80123915,0.851466653,0.451236125,0.432961248,0.280330248,0.96911068,0.276135292,0.75
安诺优达基因科技(北京)有限公司,0.21362033,0.543140346,0.177160655,0.466941975,0.392231892,0.27713549,0.999999993,0.346786983,0.999999996
宝利信通（北京）软件股份有限公司,0.059611755,0.381467336,0.666203267,0.526291688,0.600777508,0.391145605,0.363647758,0.341173411,0.999999996
康铂创想(北京)科技有限公司,0.19841461,0.420248488,0.586511751,0.812779694,0.488356847,0.391145605,0.056598407,0.346786983,0.999999996
建银实业投资发展股份有限公司,0.530539231,0.93216584,0.332437842,0.450034918,0.473201465,0.391145605,0.989007355,0.346786983,0.75
德众通科技发展（北京）有限公司,0.006226277,0.347044638,0.416402151,0.38140343,0.30203364,0.272782705,0.999999998,0.395152741,0.999999996
德润特数字影像科技（北京）有限公司,0.19841461,0.332726195,0.367081767,0.465357357,0.487777052,0.275455178,0.536037942,0.356715411,0.75
恒泰艾普集团股份有限公司,0.075084019,0.741210176,0.832409888,0.450173524,0.557752193,0.27279517,0.999999993,0.705502693,0.75
慈铭健康体检管理集团股份有限公司,0.192754801,0.653052616,0.869007996,0.418076036,0.518620058,0.275455178,0.206111686,0.346786983,0.999999996
时趣互动（北京）科技有限公司,0.253908657,0.401770451,0.113193735,0.433048094,0.621303334,0.394956308,0.479348164,0.342635314,0.250000006
易第优（北京）教育咨询股份有限公司,0.661914161,0.512977502,0.488077988,0.433883632,0.464778654,0.391145605,0.528014786,0.373142241,0.750000001
易能乾元（北京）电力科技有限公司,0.382802114,0.34849336,0.528408365,0.467537663,0.640372688,0.391145605,0.999999998,0.439775104,0.999999996
星空电讯科技（北京）股份有限公司,0.231574293,0.5364754,0.373335267,0.45862595,0.506840563,0.391145605,0.76859918,0.340590156,0.75
普业科技工程（北京）股份有限公司,0.196739843,0.465918484,0.367313925,0.44595654,0.465235941,0.273165806,0.945036803,0.366058182,0.75
极影电子（北京）有限公司,0.19841461,0.327774467,0.329837113,0.450770551,0.48894634,0.774540422,0.54930184,0.340590156,0.999999996
毅新兴业(北京)科技有限公司,0.049196907,0.520178903,0.43047694,0.404193945,0.367834551,0.27275127,0.593272392,0.346786983,0.999999996
汇智光华（北京）文化传媒股份有限公司,0.210679162,0.437440543,0.373614623,0.488379419,0.468810613,0.305943049,0.339012678,0.346786983,0.75
汉王科技股份有限公司,0.190553704,0.546636576,0.688140106,0.425694063,0.472945225,0.394956308,0.826449383,0.999999999,0.750000001
沃科合众科技（北京）股份有限公司,0.339285821,0.307712448,0.348068279,0.414401333,0.472328931,0.305943049,0.557085697,0.340590156,0.75
泰德网聚（北京）科技股份有限公司,0.212520433,0.55574221,0.337018311,0.92584396,0.50223153,0.391145605,0.233788394,0.354874336,0.999999996
浦华控股有限公司,0.177525108,0.339356196,0.405694831,0.432047692,0.458681349,0.274157106,0.247947351,0.346786983,0.999999996
浪潮（北京）电子信息产业有限公司,0.105094192,0.41786405,0.383856834,0.44900327,0.45992402,0.290130214,0.999999998,0.232736551,0.999999996
海外远景（北京）科技有限公司,0.166728427,0.733408244,0.360820425,0.413960003,0.45559314,0.391145605,0.890073614,0.376186889,0.999999996
海林柯液压技术(北京)有限责任公司,0.139421122,0.421010194,0.40271399,0.425608107,0.481374313,0.274440438,0.793888033,0.346786983,0.999999996
清大紫育（北京）教育科技股份有限公司,0.322365863,0.308965805,0.394622191,0.384932552,0.558531444,0.391145605,0.999999993,0.367052938,0.999999996
漫游世界（北京）科技发展有限公司,0.081510308,0.32539808,0.332774912,0.502502255,0.467813369,0.272808578,0.461360737,0.362485962,0.999999996
瑞斯康达科技发展股份有限公司,0.19841461,0.801655625,1,0.46384731,0.488603248,0.913947612,0.999999993,0.371619913,0.75
盛景网联科技股份有限公司,0.191704898,0.647258395,0.999999992,0.432710161,0.636573984,0.305943049,0.999999993,0.2296919,0.750000001
瞬联软件科技(北京)有限公司,0.19841461,0.599219939,0.579968644,0.439221528,0.488356845,0.275455178,0.999999998,0.346786983,0.999999996
神州数码金信科技股份有限公司,0.154250012,0.525378613,0.55039799,0.401317307,0.485345801,0.273731164,0.305797555,0.340590157,0.999999996
立思辰计算机技术有限公司,0.107414442,0.556643337,0.568845512,0.432944831,0.595729765,0.391145605,0.999999998,0.346786983,0.999999996
联泰集群（北京）科技有限责任公司,0.116019911,0.314836959,0.35988515,0.460968738,0.458942613,0.391145605,0.997801465,0.376186889,0.999999996
艾威梯科技（北京）有限公司,0.19841461,0.396679607,0.368681882,0.461647071,0.488638997,0.273421031,0.99219522,0.340590156,0.75
芯原微电子（北京）有限公司,0.19841461,0.377244139,0.999999992,0.536731535,0.999999991,0.391145605,0.999999998,0.4330387,0.999999996
融诚互通技术服务（北京）有限公司,0.070267128,0.341199863,0.308148107,0.430852875,0.522943278,0.515864665,0.999999998,0.362485962,0.999999996
诺誓（北京）商业股份有限公司,0.406234052,0.275226612,0.240638733,0.646625255,0.331914801,0.391145605,0.59504857,0.359879687,0.75
谷武（北京）科技有限公司,0.19841461,0.349951335,0.339429641,0.430852875,0.488105877,0.391145605,0.450368099,0.374664563,0.75
责扬天下(北京)管理顾问有限公司,0.19841461,0.465659372,0.334103542,0.429023535,0.522615287,0.391145605,0.44487178,0.48437125,0.999999996
赛浪车联汽车科技（北京）股份有限公司,0.19841461,0.339511743,0.32542086,0.495101237,0.488914184,0.272897952,0.422461601,0.365110716,0.75
远江盛邦（北京）网络安全科技股份有限公司,0.160509798,0.555638383,0.336642191,0.161983944,0.129383318,0.391145605,0.479348164,0.342454073,0.75
连山管控（北京）信息技术有限公司,5.70371E-05,0.456067725,0.297668789,0.467707796,0.509338883,0.391145605,0.94214979,0.340590156,0.999999996
邦讯技术股份有限公司,0.19841461,0.799556499,0.999999998,0.415288079,0.488173393,0.272765655,0.652898774,0.430185543,0.75
酒仙网电子商务股份有限公司,0.369831726,0.474336511,0.380768309,0.441783767,0.359090196,0.272815332,0.826449383,0.230342006,0.75
量子创新（北京）信息技术有限公司,0.357565962,0.473155368,0.343145817,0.468017452,0.47640645,0.391145605,0.528855537,0.374664563,0.999999996
金科水务工程(北京)有限公司,0.134004573,0.589671938,0.648099641,0.421776306,0.502463077,0.272816739,0.999999993,0.346786983,0.999999996
金达泰克电子系统（北京）有限公司,0.367781212,0.558364064,0.403210202,0.453406169,0.624517167,0.391145605,0.999999998,0.357918986,0.999999996
钢研纳克检测技术有限公司,0.125215718,0.741031727,0.806589286,0.447976103,0.522353362,0.391145605,0.871935762,0.346786983,1
雅派朗迪（北京）科技发展股份有限公司,0.098419274,0.461831451,0.383170991,0.351231089,0.480819313,0.272756285,0.516323927,0.352480748,0.999999996
雷蒙德（北京）科技股份有限公司,0.144517835,0.779848513,0.613655531,1,0.539173893,0.2726833,0.788484261,0.382564219,0.999999996
雷诺丽特朗活医药耗材（北京）有限公司,0.19841461,0.663783452,0.602560518,0.45255679,0.964507027,0.527977393,0.999999998,0.340590157,0.999999996
高频美特利环境科技（北京）有限公司,0.19841461,0.341168867,0.348423346,0.44775894,0.488166696,0.391145605,0.536037942,0.349992533,0.999999996
