公司中文名称,年份,"流动资产周转率
[报告期] 2015年报
[单位] 次","应收账款周转率
[报告期] 2015年报
[单位] 次","财务费用
[报告期] 2015年报
[报表类型] 合并报表
[单位] 元","主营业务收入
[报告期] 2015年报
[报表类型] 合并报表
[单位] 元","产权比率
[报告期] 2015年报","流动比率
[报告期] 2015年报","速动比率
[报告期] 2015年报","现金比率
[报告期] 2015年报","经营活动现金净流量(TTM)
[报告期] 2015年报
[单位] 元","流动负债合计
[报告期] 2015年报
[报表类型] 合并报表
[单位] 元","资产负债率
[报告期] 2015年报
[单位] %","利润总额(TTM)
[报告期] 2015年报
[单位] 元","非流动负债合计
[报告期] 2015年报
[报表类型] 合并报表
[单位] 元","所有者权益合计
[报告期] 2015年报
[报表类型] 合并报表
[单位] 元","利息支出(TTM)
[报告期] 2015年报
[单位] 元","长期资本负债率
[报告期] 2015年报
[单位] %","现金流量利息保障倍数
[报告期] 2015年报","负债合计
[报告期] 2015年报
[报表类型] 合并报表
[单位] 元","利润总额/营业收入(TTM)
[报告期] 2015年报
[单位] %","总资产报酬率ROA
[报告期] 2015年报
[单位] %","主营业务成本
[报告期] 2015年报
[报表类型] 合并报表
[单位] 元","税金及附加
[报告期] 2015年报
[报表类型] 合并报表
[单位] 元","净资产收益率ROE(摊薄)
[报告期] 2015年报
[单位] %","存货周转率
[报告期] 2015年报
[单位] 次","营运资本周转率
[报告期] 2015年报
[单位] 次","非流动资产周转率
[报告期] 2015年报
[单位] 次","总资产周转率
[报告期] 2015年报
[单位] 次","成本费用利润率
[报告期] 2015年报
[单位] %","营业收入(同比增长率)
[报告期] 2015年报
[单位] %","总资产(同比增长率)
[报告期] 2015年报
[单位] %","大股东持股比例
[日期] 2015-12-31
[大股东排名] 第1名
[单位] %","无形资产
[报告期] 2015年报
[报表类型] 合并报表
[单位] 元","资产总计
[报告期] 2015年报
[报表类型] 合并报表
[单位] 元","净利润(TTM)
[报告期] 2015年报
[单位] 元"
宁波拓普集团股份有限公司,2015,1.5562,5.0312,"-9,476,406.46","3,007,211,917.95",0.2984,2.7104,2.002,0.6115,"238,097,456.35","949,180,528.86",22.9837,"476,009,672.39",,"3,180,611,237.27","52,348.03",,79.4273,"949,180,528.86",15.8289,14.2816,"2,140,896,419.87","16,509,349.74",12.9452,3.5601,3.2011,2.1465,0.9021,16.0084,9.8781,62.7838,73.7,"173,061,363.92","4,129,791,766.13","409,719,007.99"
重庆秦安机电股份有限公司,2015,1.497,5.922,"16,924,903.25","1,174,782,620.04",0.5815,1.3542,0.7443,0.2432,"221,802,962.64","618,371,060.61",36.7699,"290,626,012.53","217,550,000.00","1,437,466,056.84","16,212,695.85",13.1449,12.2299,"835,921,060.61",24.7387,14.8664,"776,947,960.75","2,405,287.40",17.1748,2.3585,28.9105,0.9184,0.5692,27.9873,13.7086,22.5833,91.1528,"33,397,758.14","2,273,387,117.45","246,881,857.83"
桂林福达股份有限公司,2015,0.6461,2.7317,"60,527,346.33","933,195,576.92",0.7705,1.3668,1.1778,0.7029,"163,998,302.55","1,292,055,237.65",43.5197,"52,415,206.03","267,953,708.23","2,024,596,659.11","59,419,745.89",11.688,2.5918,"1,560,008,945.88",5.6167,3.4304,"705,889,379.93","3,267,662.11",2.4836,2.6234,14.132,0.5139,0.2863,5.4954,-22.3344,22.111,68.51,"121,550,465.58","3,584,605,604.99","50,283,187.13"
上海汽车集团股份有限公司,2015,2.6449,26.4399,"-231,192,097.17","661,373,929,792.65",1.4257,1.0476,0.9031,0.4276,"25,992,574,916.30","257,667,822,183.89",58.7755,"45,809,676,486.26","43,045,582,935.11","210,917,285,720.21","-373,277,329.07",19.7299,33.5216,"300,713,405,119.00",6.8327,9.8082,"585,832,883,216.26","5,598,402,254.42",17.0125,15.4148,27.158,3.1962,1.4473,6.209,5.5307,23.3229,74.3,"8,360,918,797.39","511,630,690,839.21","40,073,969,223.24"
常州腾龙汽车零部件股份有限公司,2015,1.1124,4.6071,"702,467.14","624,525,819.61",0.2045,4.4595,3.727,1.2598,"90,022,394.36","160,078,558.98",16.9804,"115,658,180.96","1,448,274.14","789,727,727.02","-93,363.46",0.1859,80.0831,"161,526,833.12",18.5194,15.082,"430,890,946.53","4,199,503.56",11.9409,3.6645,1.6898,3.0489,0.815,18.5435,13.0483,63.6618,51,"32,323,146.66","951,254,560.14","94,710,455.22"
东风电子科技股份有限公司,2015,1.8858,4.6698,"16,243,086.68","4,824,927,064.33",1.8095,0.9329,0.7794,0.3621,"562,352,006.74","2,701,569,826.72",64.4068,"314,312,361.54","69,964,690.62","1,531,638,001.27","13,595,488.51",6.0879,22.6952,"2,771,534,517.34",6.5143,7.6735,"3,984,750,993.38","24,368,887.92",14.1905,9.7851,,2.8139,1.1291,6.0812,-1.5645,1.4112,65,"165,157,699.53","4,303,172,518.61","280,927,840.58"
中国重汽集团济南卡车股份有限公司,2015,1.3396,4.7021,"178,319,823.00","19,363,657,640.88",2.3013,1.3583,1.1616,0.7137,"240,045,641.78","10,819,476,992.20",69.709,"438,688,759.16","1,004,801,852.15","5,138,062,036.57","170,623,717.55",18.0641,1.1466,"11,824,278,844.35",2.2655,3.6206,"17,379,422,158.54","63,656,207.00",6.1111,7.3843,5.1999,8.1559,1.1506,1.852,-18.8649,1.5976,63.78,"387,072,798.96","16,962,340,880.92","347,836,943.65"
中国汽车工程研究院股份有限公司,2015,0.5008,4.437,"-39,733,505.40","1,202,892,485.60",0.1629,5.6882,5.2353,3.6428,"363,353,655.90","431,967,970.75",14.0118,"366,746,360.91","191,789,056.99","3,827,911,813.08","-39,872,646.68",4.8337,"2,638.22","623,757,027.74",30.4887,7.5939,"704,231,538.73","8,266,370.79",8.2332,3.7945,0.6112,0.6323,0.2795,35.8121,-23.3285,7.083,63.69,"218,329,522.33","4,451,668,840.82","305,159,082.30"
力帆实业(集团)股份有限公司,2015,1.0187,4.1528,"645,250,737.88","12,411,109,766.16",2.6658,0.7881,0.6604,0.3553,"-1,458,047,918.26","16,881,064,440.58",72.7207,"367,672,271.49","1,503,283,896.13","6,896,402,615.06","264,887,214.88",18.0389,-2.9031,"18,384,348,336.71",2.9624,2.743,"10,147,120,360.72","124,732,400.49",5.1816,5.0468,,1.141,0.5382,2.8172,8.7097,21.2998,49.4,"888,372,152.53","25,280,750,951.77","343,081,152.90"
宁波均胜电子股份有限公司,2015,1.6539,7.577,"115,075,072.17","8,082,534,215.33",1.8693,1.2532,1.0438,0.6343,"585,155,500.25","5,573,827,282.11",65.148,"558,945,346.77","1,859,162,151.95","3,976,401,649.91","110,802,206.35",32.8858,4.9899,"7,432,989,434.06",6.9155,7.5812,"6,332,880,433.03","9,789,715.93",10.5386,6.1934,10.2433,2.0475,0.9149,5.4818,14.207,82.2818,45.59,"847,899,311.38","11,409,391,083.97","417,177,076.14"
华懋(厦门)新材料科技股份有限公司,2015,0.782,3.727,"-7,398,561.97","676,168,709.22",0.1826,4.6901,4.353,3.0677,"126,892,735.56","196,770,379.57",15.4383,"204,423,376.08","78,860.76","1,078,220,043.78","-10,759,549.12",0.0073,105.3101,"196,849,240.33",30.2326,16.1634,"396,549,758.71","5,477,421.76",16.2,6.5369,1.0045,2.0272,0.5643,37.3838,27.3095,13.718,59.27,"26,600,500.81","1,275,069,284.11","174,671,806.73"
华域汽车系统股份有限公司,2015,2.1818,5.9697,"-2,279,436.24","91,120,204,530.78",1.3373,1.2263,1.0835,0.4849,"5,860,101,553.99","38,106,850,464.17",57.2164,"7,726,752,720.03","6,865,035,439.89","33,627,803,819.79","25,198,064.76",20.1129,16.8416,"44,971,885,904.06",8.4797,10.9305,"78,080,909,983.45","279,171,701.65",17.5425,16.5663,10.7831,3.1252,1.2848,8.0292,23.181,24.2848,60.1,"2,020,577,119.21","78,599,689,723.85","6,928,652,332.38"
东风汽车股份有限公司,2015,1.2844,10.7342,"16,441,420.26","16,875,186,765.77",1.4802,1.2295,1.0922,0.8203,"368,217,879.56","10,809,255,025.01",59.6814,"276,007,898.19","1,257,101,484.00","8,151,582,224.35","7,962,182.32",16.4385,6.4878,"12,066,356,509.01",1.6356,1.4321,"14,256,939,094.26","288,762,165.29",5.3892,8.8945,7.4945,2.5225,0.8511,1.7262,-3.4117,4.0057,60.1,"664,376,895.23","20,217,938,733.36","286,432,035.35"
科华控股股份有限公司,2015,1.4836,3.0239,"13,427,144.27","616,582,906.69",1.0428,1.3144,1.0134,0.3733,"16,543,840.52","367,368,980.15",51.0483,"95,434,987.42","116,539,519.90","464,033,035.04","10,019,589.09",20.0732,1.5646,"483,908,500.05",15.478,12.6525,"422,051,189.34","4,293,730.23",17.4605,3.8262,37.8849,1.4755,0.7398,15.7349,22.0172,30.8734,47.36,"62,954,793.82","947,941,535.09","81,022,491.52"
宁波高发汽车控制系统股份有限公司,2015,1.045,5.8891,"-119,586.45","668,421,407.25",0.3871,3.3266,2.9579,1.3761,"22,535,859.76","257,844,267.68",27.9087,"131,112,570.67","25,093,483.13","730,861,047.90","-437,985.98",3.3194,37.3143,"282,937,750.81",19.6153,16.6475,"464,438,564.58","4,900,994.11",15.3785,5.4762,1.6626,4.5996,0.8515,20.7834,15.3703,82.3048,42.46,"22,486,504.64","1,013,798,798.71","112,395,588.66"
宁波继峰汽车零部件股份有限公司,2015,1.3174,3.7894,"-1,344,334.76","1,048,068,265.24",0.1654,4.6156,3.6883,1.6169,"153,950,553.95","220,190,606.00",14.1932,"209,055,120.07","872,410.05","1,336,463,353.40","197,135.60",0.0654,138.8245,"221,063,016.05",19.9467,15.9335,"668,959,814.78","10,192,575.17",13.2248,3.48,1.9215,2.0245,0.7981,20.8582,2.9621,45.6932,49.54,"77,277,887.13","1,557,526,369.45","177,213,662.47"
广州汽车集团股份有限公司,2015,1.0701,32.8372,"281,127,993.00","29,418,222,736.00",0.7031,1.5004,1.3972,0.9673,"5,081,828,813.00","18,666,734,908.00",41.2835,"4,406,927,230.00","9,061,632,703.00","39,437,434,732.00","253,958,048.00",19.0154,6.4046,"27,728,367,611.00",14.9803,7.1992,"24,816,152,952.00","923,886,426.00",10.9667,10.8189,3.6613,0.7897,0.4544,13.8167,31.4286,7.6215,60.8,"4,240,999,143.00","67,165,802,343.00","4,006,860,608.00"
长城汽车股份有限公司,2015,2.0087,108.0408,"139,370,863.43","75,954,585,964.64",0.8733,1.2707,1.1411,1.0005,"10,033,690,411.71","31,786,437,525.14",46.6186,"9,688,576,760.50","1,737,272,844.16","38,386,916,401.54","-14,394,500.59",4.3358,197.6417,"33,523,710,369.30",12.7426,14.5197,"56,863,911,403.05","2,886,285,766.99",21.0257,14.9835,8.5562,2.6422,1.1412,12.6189,21.3511,17.2228,56.04,"3,135,781,642.66","71,910,626,770.84","8,060,364,756.76"
哈尔滨东安汽车动力股份有限公司,2015,1.0571,3.1123,"10,362,090.82","1,261,395,057.73",0.9565,1.0336,0.8883,0.4857,"79,272,362.90","1,415,255,904.69",48.8878,"23,435,894.87","257,454,652.63","1,748,821,612.72","9,734,012.93",12.8325,7.3585,"1,672,710,557.32",1.8579,1.0554,"1,163,175,823.57","4,149,662.29",1.3401,7.4004,16.4965,0.647,0.4013,1.6581,69.7239,19.4545,54.51,"7,351,672.02","3,421,532,170.04","23,435,894.87"
浙江万丰奥威汽轮股份有限公司,2015,2.4507,6.9789,"72,385,705.56","8,481,099,518.74",0.8781,1.6703,1.3319,0.6104,"1,220,215,689.85","2,633,208,334.58",46.7554,"1,134,628,655.33","1,502,864,859.01","4,710,127,998.72","70,966,834.85",26.8185,14.9931,"4,136,073,193.59",13.3783,17.3363,"6,445,622,740.31","30,819,135.54",19.4484,9.8401,7.2588,2.4277,1.2196,12.3778,3.6504,21.7494,45.69,"799,079,456.92","8,846,201,192.31","912,341,480.52"
浙江万安科技股份有限公司,2015,1.3739,5.8505,"14,567,793.45","1,690,402,790.41",1.4665,1.2257,0.9344,0.6092,"180,895,581.82","1,088,733,559.35",59.4567,"112,455,031.50","151,212,580.52","845,514,525.39","19,784,140.21",15.6884,7.6426,"1,239,946,139.87",6.6526,6.7452,"1,308,711,622.93","6,386,225.24",11.2725,4.2788,10.04,2.3153,0.8622,6.1999,27.839,13.616,53.32,"143,521,857.43","2,085,460,665.26","97,068,421.65"
一汽轿车股份有限公司,2015,2.6474,894.6376,"129,766,455.23","26,663,841,486.56",1.0627,1.0005,0.627,0.6002,"839,565,223.44","8,850,331,878.26",51.5193,"85,689,935.46","442,958,937.59","8,745,167,357.83","127,813,721.94",4.8385,6.0579,"9,293,290,815.85",0.3214,1.0962,"21,172,756,529.27","1,409,245,252.19",0.6078,5.6404,,2.8351,1.369,0.2387,-21.2463,-13.753,53.03,"1,037,219,737.00","18,038,458,173.68","60,571,565.66"
上海北特科技股份有限公司,2015,1.3274,4.251,"19,870,338.06","706,624,840.99",1.0804,1.0756,0.8094,0.2807,"67,897,893.97","527,427,112.90",51.9312,"58,772,230.78","44,484,965.52","529,375,568.35","19,591,111.75",7.9127,3.2723,"571,912,078.42",8.3173,7.7291,"545,895,236.10","2,822,023.40",8.9691,4.0896,12.1989,1.4674,0.697,7.4629,11.3766,18.8704,51.21,"92,143,546.21","1,101,287,646.77","48,054,024.00"
上海联明机械股份有限公司,2015,1.8163,5.6691,"1,886,239.24","683,635,157.84",0.2951,2.0895,1.4182,0.2664,"78,284,358.60","201,902,742.07",22.786,"127,050,799.15","10,866,073.97","721,000,895.99","1,838,120.15",1.4847,34.7416,"212,768,816.04",18.5846,15.4394,"503,070,982.53","2,088,460.99",13.5552,3.9336,3.4474,1.4913,0.8189,17.4028,6.2252,-6.1667,60.63,"71,154,252.23","933,769,712.03","97,732,822.84"
绵阳富临精工机械股份有限公司,2015,1.1788,5.1792,"-5,832,333.33","859,407,846.93",0.4674,2.4275,2.0642,1.2083,"74,695,958.49","393,965,391.27",31.8504,"202,350,236.68","30,928,723.02","909,134,575.79","-1,782,016.40",3.2901,34.2229,"424,894,114.29",23.5453,19.0707,"560,758,918.04","5,899,934.41",19.1067,4.7722,2.395,2.6634,0.8172,26.5175,22.8477,73.3885,39.35,"23,536,554.07","1,334,028,690.08","173,706,520.90"
浙江世宝股份有限公司,2015,0.6398,2.5598,"3,945,269.12","837,719,325.84",0.2895,3.0495,2.4041,1.5231,"75,760,490.13","391,081,591.46",22.4488,"59,871,856.96","32,259,347.27","1,462,461,724.95","2,511,521.06",2.1873,12.3839,"423,340,938.73",7.147,3.1294,"620,617,460.76","4,781,339.02",3.7115,2.7307,1.0428,1.2246,0.4202,6.6041,3.2638,-10.2455,52.36,"115,053,639.13","1,885,802,663.68","51,936,432.72"
江苏云意电气股份有限公司,2015,0.5085,3.3731,"-12,806,663.67","431,514,734.29",0.169,5.5991,4.8588,3.8074,"103,062,915.44","148,777,331.06",14.4543,"78,904,455.23","32,255,083.20","1,071,415,749.18","-9,946,865.80",3.1809,,"181,032,414.26",18.2855,5.6099,"297,561,414.90","3,647,555.68",7.1989,2.5314,0.6133,1.1335,0.351,19.9687,0.1894,3.852,52.13,"11,287,306.96","1,252,448,163.44","69,782,997.50"
万向钱潮股份有限公司,2015,1.2568,5.3792,"141,370,500.43","10,241,434,098.10",1.7827,1.4432,1.1712,0.7988,"1,217,443,577.82","5,860,748,669.50",64.0637,"924,638,159.36","2,305,341,711.02","4,580,738,388.15","151,711,649.28",35.5137,6.0993,"8,166,090,380.52",9.0284,8.7331,"8,065,030,983.47","44,120,268.37",18.6226,4.9168,4.4183,2.4524,0.8309,8.9519,4.1974,7.0878,51.53,"182,976,408.40","12,746,828,768.67","838,530,907.43"
扬州亚星客车股份有限公司,2015,0.9703,1.4002,"42,594,201.38","2,015,439,742.15",18.5208,1.1164,1.042,0.2185,"-186,823,291.13","2,101,256,348.57",94.8773,"18,596,182.63","448,730,000.00","137,682,058.72","35,337,276.84",87.1937,-4.5847,"2,549,986,348.57",0.9227,2.2226,"1,707,201,552.95","3,977,720.04",30.6442,10.3149,10.249,5.767,0.8305,0.8176,36.8119,24.1065,51,"51,754,928.54","2,687,668,407.29","15,792,237.58"
江苏太平洋精锻科技股份有限公司,2015,1.3462,4.5647,"12,920,283.68","698,444,819.49",0.3973,1.4389,1.0651,0.5421,"204,207,054.46","412,636,354.52",28.4347,"172,778,414.72","100,456,657.59","1,291,369,295.00","14,290,210.13",7.2176,11.4552,"513,093,012.11",24.7376,11.0289,"425,479,479.42","4,355,840.65",10.8353,2.8694,5.028,0.5932,0.4118,26.4607,11.2972,13.6401,48.36,"53,235,092.66","1,804,462,307.11","139,923,382.48"
上海加冷松芝汽车空调股份有限公司,2015,1.0002,3.3823,"-1,369,468.84","3,000,977,247.20",0.632,2.0283,1.6732,0.9606,"358,906,572.29","1,566,366,971.38",38.7265,"405,171,858.04","125,965,066.15","2,677,622,570.05","1,198,070.89",4.7751,65.0324,"1,692,332,037.53",13.5013,10.0136,"2,116,278,501.58","12,838,454.26",12.3486,4.1932,1.8505,2.837,0.7395,13.2264,18.7449,16.6429,43.44,"169,866,225.81","4,369,954,607.58","344,901,663.33"
宁波双林汽车部件股份有限公司,2015,1.4048,4.3143,"38,581,980.59","2,472,233,670.51",0.9028,1.0702,0.7659,0.3877,"361,342,469.52","1,716,567,947.31",47.4464,"289,173,526.58","212,649,328.75","2,136,878,100.30","47,846,012.75",9.1295,7.1591,"1,929,217,276.06",11.6969,8.7444,"1,807,765,847.48","7,457,732.70",11.497,3.6259,14.9708,1.1805,0.6415,11.326,65.1194,11.641,49.54,"300,626,346.95","4,066,095,376.36","246,045,175.28"
浙江中马传动股份有限公司,2015,1.7263,4.0006,"12,751,601.94","907,520,437.41",0.5102,1.2642,0.9239,0.371,"180,345,674.48","391,584,372.28",33.783,"114,742,828.90","5,066,180.00","777,463,398.76","13,127,835.60",0.6474,12.4951,"396,650,552.28",12.6436,11.7487,"661,723,514.11","5,985,341.15",12.8129,3.9671,7.4227,1.6129,0.8338,12.6266,-13.5589,17.1013,49.07,"114,519,814.92","1,174,113,951.04","99,615,677.96"
云南西仪工业股份有限公司,2015,0.9475,4.3663,"3,921,338.27","459,782,819.87",0.576,1.7868,0.888,0.4897,"18,142,703.63","266,089,353.58",36.5465,"-34,129,993.07","15,500,000.00","488,906,739.51","4,179,379.97",3.1186,4.1764,"281,589,353.58",-7.4231,-3.8653,"429,273,470.09","1,586,125.88",-6.4763,1.8295,2.0158,1.5877,0.5934,-6.6979,-1.723,-1.1191,48.2,"1,088,965.45","770,496,093.09","-32,846,025.98"
天津一汽夏利汽车股份有限公司,2015,1.8577,94.6859,"152,200,309.90","3,404,268,852.62",2.7683,0.5345,0.4258,0.3812,"-1,802,976,520.53","4,257,158,298.95",73.4626,"30,938,438.24","80,012,987.67","1,566,749,122.89","149,678,494.46",4.9523,-11.4856,"4,337,171,286.62",0.9088,2.8427,"3,850,378,547.41","91,861,094.44",1.1755,6.9622,,0.7529,0.5358,0.3639,5.3417,-13.2246,47.73,"193,187,871.89","5,903,920,409.51","18,989,695.29"
贵州贵航汽车零部件股份有限公司,2015,1.2623,3.3081,"24,748,781.13","3,200,754,943.97",0.7177,1.6448,1.2948,0.5737,"198,141,737.89","1,547,225,772.98",41.7818,"194,008,466.73","26,528,358.96","2,192,848,163.60","24,706,042.43",1.3291,6.2921,"1,573,754,131.94",6.0613,5.8149,"2,519,755,781.28","18,387,056.23",8.407,4.4656,3.4455,2.6114,0.851,5.823,4.3432,0.2832,37.01,"143,934,054.68","3,766,602,295.54","176,521,250.72"
厦门日上集团股份有限公司,2015,0.6507,3.5413,"46,042,297.70","1,283,207,425.45",0.6992,2.0247,1.0431,0.2684,"59,709,525.79","1,008,663,388.58",41.1487,"44,414,742.48","214,551,813.89","1,749,458,193.02","49,334,459.62",10.9242,1.0747,"1,223,215,202.47",3.4612,3.2329,"1,066,714,138.98","4,494,037.70",2.0027,1.0399,1.754,1.3833,0.4425,2.8569,-4.3759,5.1524,42.01,"124,624,055.77","2,972,673,395.49","35,036,379.47"
山东隆基机械股份有限公司,2015,1.1859,5.0016,"3,398,550.18","1,386,499,117.69",0.5318,1.45,0.8056,0.4481,"293,918,676.06","759,141,254.69",34.7157,"63,040,321.08",,"1,427,597,600.32","20,942,225.36",,11.7284,"759,141,254.69",4.5467,3.7367,"1,157,019,965.61","7,963,389.74",4.1184,2.1753,3.9034,1.2858,0.6169,4.0322,11.992,-5.2662,45.25,"53,986,919.20","2,186,738,855.01","53,022,579.31"
常州星宇车灯股份有限公司,2015,1.0404,7.9129,"-1,789,999.22","2,467,518,342.94",0.618,1.9797,1.4206,0.5079,"199,627,005.91","1,236,219,852.01",38.1957,"338,659,567.68","65,031,480.10","2,105,551,237.06","-2,235,950.10",3.0107,65.3692,"1,301,251,332.11",13.7247,10.2452,"1,888,726,111.83","10,108,145.31",14.0092,3.1765,2.0508,2.7056,0.7514,13.4972,22.3953,7.7885,42.98,"131,287,402.66","3,406,802,569.17","293,750,491.65"
河南省西峡汽车水泵股份有限公司,2015,1.3891,5.1338,"25,924,533.81","1,914,844,362.09",0.6847,1.5438,1.0798,0.5551,"84,108,930.07","1,017,512,475.99",40.6436,"65,444,154.65","195,920,179.73","1,772,110,570.20","29,556,129.60",10.0384,2.2538,"1,213,432,655.72",3.4177,3.4509,"1,478,009,659.79","5,747,790.93",3.2546,3.1315,7.364,1.3931,0.6956,3.1739,18.5893,18.4593,38.62,"172,503,213.16","2,985,543,225.92","58,080,463.56"
奥特佳新能源科技股份有限公司,2015,1.3307,4.5542,"10,148,109.73","2,483,559,999.13",0.743,1.4341,1.1231,0.6169,"146,103,233.64","2,205,990,415.58",42.6269,"255,867,918.21","647,897,513.52","3,841,157,814.07","18,391,665.68",14.4812,5.1629,"2,853,887,929.10",10.3025,7.4004,"1,855,358,230.73","12,145,964.37",5.8357,5.0488,3.4495,1.35,0.6701,9.9314,451.8998,833.7285,16.73,"444,452,339.89","6,695,045,743.17","223,216,184.90"
江铃汽车股份有限公司,2015,1.8798,22.8618,"-247,315,319.00","24,527,892,839.00",0.757,1.535,1.3376,1.0899,"1,925,362,501.00","8,769,119,358.00",43.0844,"2,509,603,705.00","300,464,254.00","11,981,142,071.00","-239,548,044.00",2.4465,"4,616.95","9,069,583,612.00",10.2316,11.1971,"18,131,134,952.00","788,236,243.00",18.5463,10.698,5.6129,3.3945,1.2098,10.1374,-3.9526,7.9717,41.03,"683,850,588.00","21,050,725,683.00","2,222,061,095.00"
长鹰信质科技股份有限公司,2015,0.8964,4.0914,"-1,647,599.18","1,508,324,941.41",0.791,1.7062,1.5144,1.0489,"251,859,618.92","1,210,768,909.29",44.1642,"237,312,082.14",,"1,530,749,644.56","-2,466,040.07",,58.4353,"1,210,768,909.29",15.7335,10.1981,"1,114,175,742.82","12,915,668.65",13.6077,4.2834,1.8503,2.4322,0.655,16.2866,-2.9158,47.065,40.7,"77,808,603.22","2,741,518,553.85","204,081,605.81"
四川西部资源控股股份有限公司,2015,0.532,2.3787,"87,079,692.46","1,468,033,208.46",3.2128,1.2144,1.1387,0.3772,"299,147,188.14","2,369,712,903.35",76.2628,"-258,480,074.09","3,759,818,552.89","1,907,849,207.27","84,578,183.84",78.5953,3.1647,"6,129,531,456.24",-17.6072,-2.3977,"1,086,116,548.96","18,414,836.60",-26.3303,6.7011,2.3844,0.3267,0.2024,-17.1167,217.3838,24.2598,40.46,"1,109,431,201.44","8,037,380,663.51","-268,730,735.25"
重庆长安汽车股份有限公司,2015,1.5253,81.71,"-150,805,630.19","66,771,580,527.66",1.6165,1.0268,0.8651,0.8099,"5,414,890,769.50","50,278,690,657.51",61.7805,"10,011,885,004.26","4,961,675,288.72","34,173,622,723.43","-180,685,733.77",12.6101,47.1279,"55,240,365,946.23",14.9942,12.3584,"53,406,710,707.60","2,941,577,703.72",28.9448,7.2656,,1.8665,0.8394,15.7227,26.1905,28.3073,39.11,"2,843,331,742.67","89,413,988,669.66","9,922,553,536.08"
浙江亚太机电股份有限公司,2015,1.1552,4.6933,"20,898,851.33","3,059,478,500.99",0.6186,1.5681,1.2677,0.5682,"264,560,084.28","1,555,872,674.38",38.2164,"170,077,345.17","69,136,362.54","2,627,114,018.78","20,674,744.48",2.6063,9.5407,"1,625,009,036.92",5.559,4.515,"2,551,315,984.08","8,527,629.14",5.4927,5.1983,2.901,1.9409,0.7242,5.1093,-6.6913,1.3001,38.8,"168,816,368.07","4,252,123,055.70","148,688,156.67"
天润曲轴股份有限公司,2015,1.0161,4.0172,"17,570,316.35","1,689,835,021.92",0.3987,1.1545,0.7801,0.3845,"486,419,950.45","1,333,035,070.25",28.5025,"176,207,791.87","31,118,653.70","3,421,923,842.47","18,352,081.91",0.9183,20.1473,"1,364,153,723.95",10.4275,4.0054,"1,256,564,295.17","12,580,074.37",4.4751,2.1019,9.8255,0.529,0.3479,10.1431,4.3427,-2.8953,39.1,"219,141,255.18","4,786,077,566.42","153,211,442.81"
郑州宇通客车股份有限公司,2015,1.5525,3.3681,"-142,401,040.71","31,210,873,852.54",1.3293,1.4085,1.3137,0.5774,"6,009,740,480.10","16,316,989,342.32",57.0678,"4,104,344,890.06","882,756,680.62","12,939,385,288.64","14,826,961.06",6.4232,53.2068,"17,199,746,022.94",13.1504,15.2668,"23,305,898,509.15","151,755,768.25",27.4888,17.2197,5.4135,4.5378,1.1568,13.2824,21.3095,26.5101,37.19,"1,463,507,513.81","30,139,131,311.58","3,587,689,128.20"
长春一东离合器股份有限公司,2015,0.7837,2.644,"2,062,240.62","510,492,182.59",0.9937,1.7759,1.5351,0.9101,"31,176,895.72","352,086,029.65",49.8417,"10,221,329.34","64,656,392.98","419,389,936.88","2,233,634.81",15.1548,10.4824,"416,742,422.63",2.0022,1.4493,"363,752,812.79","3,687,341.42",0.3088,3.9289,1.8116,2.4545,0.594,1.6375,-23.6569,-5.2715,32.07,"11,785,077.85","836,132,359.51","7,961,197.96"
江南模塑科技股份有限公司,2015,2.056,6.7376,"51,311,214.11","3,136,354,120.59",0.8893,0.7608,0.6023,0.2886,"260,624,343.53","2,016,350,686.34",47.0709,"343,722,670.07","129,015,757.23","2,412,367,507.63","49,896,132.22",5.0766,4.4168,"2,145,366,443.57",10.9593,9.2766,"2,399,305,088.73","21,946,276.73",12.287,6.9276,,1.1541,0.7392,10.176,-7.6293,16.0153,34.04,"64,134,878.62","4,557,733,951.20","296,408,182.40"
上海新朋实业股份有限公司,2015,1.7611,10.986,"-8,261,738.65","3,956,021,257.61",0.4247,2.0702,1.65,0.5041,"86,680,677.56","1,096,207,402.17",29.8121,"182,105,224.26","62,971,223.00","2,729,098,297.45","5,183,049.67",2.72,11.1337,"1,159,178,625.17",4.6032,4.8257,"3,520,897,376.29","10,427,177.77",4.0325,7.8039,3.3568,2.42,1.0193,4.0127,8.0419,0.373,36.22,"123,138,538.36","3,888,276,922.62","151,765,421.52"
安徽江淮汽车集团股份有限公司,2015,2.5732,37.3491,"-63,958,526.62","46,385,912,307.27",2.85,0.8671,0.7947,0.5943,"3,543,245,793.15","25,235,945,772.99",74.0259,"1,006,791,391.04","3,562,924,973.61","10,104,929,433.60","-47,088,561.76",29.7446,15.9176,"28,798,870,746.60",2.1691,2.9185,"41,215,885,440.66","845,672,621.01",10.1905,26.1473,,3.1265,1.4115,1.8234,19.1856,8.8993,30.47,"2,363,408,618.80","38,903,800,180.20","855,466,464.45"
厦门金龙汽车集团股份有限公司,2015,1.4178,2.7328,"-115,100,270.01","26,834,901,327.57",3.2494,1.2956,1.1143,0.3785,"892,513,161.02","17,349,320,058.67",76.4673,"1,106,805,869.45","2,059,245,901.10","5,972,952,513.38","10,592,809.28",34.6772,7.741,"19,408,565,959.77",4.1245,5.101,"22,233,864,503.14","153,814,182.48",13.7971,9.1534,7.7186,9.0089,1.225,3.7995,25.2152,37.722,29.12,"277,170,174.15","25,381,518,473.15","946,043,559.68"
凌云工业股份有限公司,2015,1.5104,6.1259,"175,651,987.13","7,244,785,169.79",1.0381,1.555,1.165,0.6855,"555,968,420.19","3,350,911,473.34",50.9348,"388,281,400.28","1,174,738,015.47","4,359,523,639.62","150,902,480.98",26.193,3.4939,"4,525,649,488.81",5.3595,6.5742,"5,768,017,191.59","42,772,175.39",4.1531,4.7856,5.2654,2.1278,0.8833,4.4301,10.5469,18.1871,33.96,"324,301,128.38","8,885,173,128.43","303,026,473.47"
常州光洋轴承股份有限公司,2015,0.722,2.5123,"-1,283,316.38","543,928,637.93",0.2249,4.2491,3.4634,1.7076,"99,570,155.57","167,626,163.95",18.3614,"42,583,805.65","37,212,748.52","910,758,958.70","-1,969,513.23",3.9255,29.0243,"204,838,912.47",7.8289,3.6187,"376,681,360.39","4,181,984.31",4.0081,2.6994,0.9623,1.4741,0.4846,7.5055,-12.5757,-1.1948,33.95,"30,574,146.31","1,115,597,871.17","36,503,846.30"
兴民智通(集团)股份有限公司,2015,0.6508,4.6632,"26,475,099.95","1,106,055,808.60",0.5925,1.4906,0.8057,0.411,"111,701,649.29","1,154,482,823.91",37.2048,"41,985,875.81","51,804,037.50","2,035,998,267.10","29,649,829.14",2.5536,2.8355,"1,206,286,861.41",3.796,2.3156,"927,952,912.37","2,785,050.00",1.3814,1.2073,1.6608,0.7934,0.3575,3.0883,-16.5486,10.0976,33.84,"86,567,859.19","3,242,285,128.51","32,662,338.58"
浙江万里扬股份有限公司,2015,0.6676,3.4057,"-843,789.60","1,972,645,587.00",1.5149,1.1405,0.9341,0.3068,"354,272,204.32","2,732,904,142.76",60.2377,"255,238,550.49","930,868,160.06","2,418,419,595.29","-4,820,683.32",28.6753,4.7763,"3,663,772,302.82",12.9389,4.9373,"1,410,778,841.34","20,084,418.20",9.141,3.1271,1.7228,0.9317,0.3889,12.6603,42.7352,49.7416,33.27,"365,704,261.15","6,082,191,898.11","211,831,711.70"
北汽福田汽车股份有限公司,2015,2.4352,7.4742,"11,749,170.06","33,997,492,420.07",1.2799,0.8013,0.7022,0.2262,"490,044,412.02","20,779,107,685.02",56.1394,"401,481,993.91","3,222,136,277.01","18,751,717,357.00","11,109,915.22",14.8051,1.951,"24,001,243,962.03",1.1809,1.0654,"29,754,699,977.51","250,204,257.46",2.1919,14.4774,,1.3728,0.8779,1.0377,0.9089,23.2164,27.07,"4,590,932,727.93","42,752,961,319.03","356,531,363.93"
渤海汽车系统股份有限公司,2015,0.5136,4.1214,"25,118,819.34","1,025,111,167.76",0.4379,2.9965,2.3984,1.2465,"193,739,154.05","657,041,444.86",30.4522,"13,403,495.84","257,296,995.25","2,088,197,366.28","27,983,628.64",11.2187,5.8751,"914,338,440.11",1.3075,1.3834,"796,287,861.17","8,639,385.69",1.0965,2.0877,0.8117,1.0297,0.3427,1.529,-13.0379,0.7331,32.95,"151,365,091.78","3,002,535,806.39","15,252,738.48"
湖南天雁机械股份有限公司,2015,0.541,2.3355,"2,138,685.64","444,875,033.89",0.7333,1.8525,1.5499,1.0703,"-3,139,459.67","433,190,896.78",42.3054,"-46,978,364.50","44,400,771.19","651,323,531.94","3,147,240.35",6.3819,-0.5206,"477,591,667.97",-10.5599,-3.9162,"373,852,867.31","2,226,719.30",-7.203,2.8407,1.0558,1.4981,0.3975,-9.4797,-23.0254,1.7452,31.43,"5,854,050.84","1,128,915,199.91","-46,914,702.76"
北京威卡威汽车零部件股份有限公司,2015,1.2207,5.1715,"8,939,323.75","3,615,880,558.42",0.5542,3.7732,2.6254,1.4721,"550,619,678.88","832,643,082.27",35.6573,"590,173,418.12","1,617,574,017.70","4,421,346,146.16","2,235,250.68",27.0439,50.8268,"2,450,217,099.97",16.3217,10.0845,"2,511,497,081.05","21,415,066.93",10.3923,2.9935,1.6257,1.2416,0.6155,15.3679,47.7465,40.8872,30,"345,195,469.93","6,871,563,246.13","463,179,484.89"
广东鸿特精密技术股份有限公司,2015,1.729,4.2015,"50,502,581.67","1,432,984,079.96",2.3971,0.7994,0.5699,0.1776,"267,906,338.95","1,120,103,664.54",70.563,"42,002,080.05","314,073,361.76","598,300,859.18","51,953,469.11",34.4237,5.1152,"1,434,177,026.30",2.9311,4.8807,"1,132,352,726.29","4,879,027.35",6.3956,4.4676,,1.3072,0.7444,2.7496,15.9611,11.8223,29.23,"41,187,037.73","2,032,477,885.48","38,265,054.00"
南宁八菱科技股份有限公司,2015,0.5629,8.2185,"-17,030,165.64","648,938,569.15",0.2644,2.6278,2.4168,2.182,"81,740,801.83","497,375,786.25",20.9107,"135,224,418.04","34,763,726.68","2,012,685,273.45","-16,993,264.46",1.7129,14.0544,"532,139,512.93",20.8378,5.6492,"506,893,742.57","3,539,335.29",6.2816,5.1496,0.8532,0.6904,0.3101,22.1223,1.5823,55.0842,28.81,"58,394,556.31","2,544,824,786.38","125,192,955.76"
海马汽车集团股份有限公司,2015,1.6526,287.1424,"7,959,936.17","12,180,957,501.20",0.7916,1.0252,0.8204,0.7234,"707,247,299.04","7,530,870,560.43",44.184,"125,797,841.50","155,791,557.59","9,710,280,908.20","-5,008,801.09",2.0732,156.6555,"7,686,662,118.02",1.0327,0.721,"10,289,914,213.52","532,069,439.52",2.2077,7.1105,24.9766,1.2983,0.7271,0.885,-1.3846,7.9945,28.8,"1,549,072,377.91","17,396,943,026.22","102,004,898.64"
许昌远东传动轴股份有限公司,2015,0.6172,2.5567,"-6,373,875.58","926,486,537.48",0.1364,5.1931,4.3088,2.1062,"182,431,251.75","281,348,046.66",12.0003,"110,328,149.92","16,426,270.03","2,183,617,367.25","-3,947,336.16",0.7468,,"297,774,316.69",11.9082,4.3399,"648,434,295.86","5,479,319.57",4.236,2.3648,0.7519,0.9752,0.378,11.3442,-21.9367,2.4926,27.53,"233,294,963.92","2,481,391,683.94","92,577,265.26"
比亚迪股份有限公司,2015,1.6818,4.5368,"1,445,995,000.00","80,008,968,000.00",2.2053,0.823,0.5848,0.2029,"3,842,094,000.00","66,110,124,000.00",68.802,"3,794,986,000.00","13,346,390,000.00","36,029,241,000.00","1,463,582,000.00",29.2422,2.1767,"79,456,514,000.00",4.7432,5.0202,"66,513,559,000.00","1,267,326,000.00",8.7428,5.1703,,1.3994,0.7638,4.1161,37.4822,22.8456,27.82,"8,790,228,000.00","115,485,755,000.00","3,138,196,000.00"
浙江世纪华通集团股份有限公司,2015,1.861,5.6311,"14,834,391.75","3,025,827,440.49",0.2698,1.9676,1.5604,0.7909,"476,859,520.27","952,497,681.24",21.249,"465,371,083.73","125,000,000.00","3,993,312,242.19","13,847,363.56",3.0422,26.634,"1,077,497,681.24",15.38,10.3395,"2,087,752,452.60","25,171,144.47",10.2381,5.103,3.4848,1.0056,0.6528,16.2943,76.7185,20.7658,26.58,"194,570,402.09","5,070,809,923.43","410,154,219.95"
辽宁曙光汽车集团股份有限公司,2015,0.987,3.2857,"118,012,857.45","4,431,845,168.38",2.9929,0.8534,0.781,0.3981,"-739,149,970.72","6,095,550,266.63",74.9556,"150,880,879.44","1,474,438,347.17","2,529,305,343.96","110,879,892.82",38.3826,-5.2588,"7,569,988,613.80",3.4045,2.8348,"3,690,080,219.66","11,595,476.33",4.3691,7.7663,,0.9343,0.48,2.4541,9.2534,20.6887,23.17,"912,350,326.59","10,099,293,957.76","108,254,065.19"
金杯汽车股份有限公司,2015,0.6056,5.0594,"159,629,030.79","4,638,124,331.31",13.2606,0.9857,0.8669,0.7167,"-492,424,684.99","7,863,380,775.72",92.9877,"257,594,205.28","1,474,628,148.64","704,189,956.35","134,346,963.89",84.8675,-2.1026,"9,338,008,924.36",5.5538,4.0548,"3,860,558,423.08","27,020,128.60",13.5952,4.2419,,2.3112,0.4798,4.3516,-9.8789,8.0961,24.38,"357,834,688.88","10,042,198,880.71","197,255,383.83"
富奥汽车零部件股份有限公司,2015,1.2391,3.8877,"5,921,401.76","4,331,513,542.49",0.5241,1.927,1.6327,0.8641,"333,651,081.78","1,943,080,405.23",34.3888,"536,154,932.87","837,380,489.13","5,304,916,052.97","-550,763.67",15.165,36.1074,"2,780,460,894.36",12.378,6.9756,"3,534,515,992.49","27,178,343.30",10.7424,6.0763,2.7673,1.0356,0.5641,12.4772,-13.5429,11.1986,24.41,"276,509,317.75","8,085,376,947.33","524,945,705.62"
光启技术股份有限公司,2015,1.7724,2.6945,"3,874,489.85","404,715,747.49",0.3301,1.3237,1.1023,0.1798,"109,086,031.86","167,388,737.93",24.8195,"46,429,414.73","7,269,600.00","529,056,049.87","3,673,441.03",1.3554,28.6449,"174,658,337.93",11.4721,7.4803,"298,634,633.73","1,600,444.39",7.6243,7.2192,6.2852,0.9168,0.6042,11.038,0.657,10.6672,18.23,"73,205,901.69","703,714,387.80","40,337,026.24"
潍柴动力股份有限公司,2015,1.2073,7.9113,"485,837,186.81","73,719,915,760.01",1.753,1.4485,1.1515,0.8419,"6,773,901,992.66","39,869,806,941.67",63.6761,"3,083,419,871.47","33,277,097,278.71","41,726,483,586.57","283,961,398.80",51.1904,5.662,"73,146,904,220.38",4.1826,2.8624,"56,760,116,064.47","184,072,487.97",4.3826,4.6417,4.3118,1.3029,0.6266,3.0604,-7.4303,-6.0383,24.23,"12,860,379,962.34","114,873,387,806.95","2,162,674,130.20"
航天晨光股份有限公司,2015,1.1008,2.5289,"47,892,755.98","3,180,592,773.08",1.0245,1.5257,1.2323,0.5608,"213,814,863.94","2,119,563,560.57",50.6054,"43,775,906.69","280,903,734.95","2,343,030,686.46","49,493,190.66",11.5823,4.0478,"2,400,467,295.52",1.3763,2.1068,"2,573,409,924.27","10,633,614.94",0.8781,3.9963,5.3583,2.0683,0.7184,1.146,-12.2661,16.5499,25.2,"140,611,114.96","4,743,497,981.98","36,120,993.24"
中通客车控股股份有限公司,2015,1.699,3.1603,"32,564,977.52","7,113,975,873.04",2.2943,1.2661,1.1903,0.3076,"-605,013,752.17","4,349,059,024.97",69.6445,"486,385,530.74","567,052,152.03","2,142,757,976.55","40,654,180.42",20.9722,-8.7087,"4,916,111,177.00",6.837,9.3398,"5,705,688,107.93","6,750,238.37",18.6856,13.7215,12.783,4.8865,1.2607,6.139,96.9551,66.9962,23.06,"315,598,990.06","7,058,869,153.55","397,117,919.89"
安徽安凯汽车股份有限公司,2015,1.0026,3.3704,"11,805,462.70","4,022,112,450.11",3.2965,1.0353,0.9579,0.383,"-289,294,343.53","4,358,711,501.16",76.7251,"1,862,241.07","379,514,729.30","1,437,358,543.50","13,369,982.89",22.8751,-9.2102,"4,738,226,230.46",0.0463,0.2737,"4,563,187,634.11","8,383,741.34",3.1446,12.8466,18.5278,2.5888,0.7227,0.209,-16.8176,24.6356,21.13,"275,135,944.46","6,175,584,773.96","10,937,805.68"
长春一汽富维汽车零部件股份有限公司,2015,3.3122,13.3353,"10,125,640.78","9,863,621,610.98",0.5812,1.4289,1.0086,0.569,"409,470,360.03","2,274,023,265.53",36.7581,"484,033,750.16","345,454,670.45","4,506,784,055.75","7,055,059.59",8.0178,26.68,"2,619,477,935.98",4.9073,7.2065,"9,279,995,155.51","19,875,870.45",10.7259,10.312,12.3148,2.571,1.4474,4.6774,-12.5052,9.5881,20.14,"170,106,460.95","7,126,261,991.73","456,392,194.81"
无锡威孚高科技集团股份有限公司,2015,0.7115,4.6543,"-11,123,563.15","5,741,643,746.42",0.2858,2.949,2.65,1.4874,"542,045,770.17","2,895,409,002.93",22.2287,"1,663,516,823.86","595,406,905.65","12,213,277,160.46","-20,285,254.57",4.81,29.9323,"3,490,815,908.58",28.9728,10.885,"4,395,237,339.33","29,548,327.24",12.8606,4.4458,1.1001,0.8172,0.3803,29.0386,-9.6442,8.3894,20.22,"360,610,837.42","15,704,093,069.04","1,552,764,212.20"
众泰汽车股份有限公司,2015,0.657,2.9069,"22,469,881.09","1,625,866,225.37",0.6333,2.1164,1.6439,1.141,"144,930,035.85","1,294,010,835.98",38.7732,"74,223,877.78","27,662,957.00","2,087,053,138.11","20,659,648.01",1.3135,4.1222,"1,321,673,792.98",4.5652,3.0037,"1,297,194,831.99","9,432,715.73",2.9026,2.0694,1.1674,2.3761,0.5147,4.067,46.2925,17.1786,19.99,"100,368,229.90","3,408,726,931.09","60,551,105.85"
深圳市特尔佳科技股份有限公司,2015,0.7076,2.8178,"-648,114.31","188,020,158.47",0.2582,2.9349,2.569,1.948,"48,197,237.20","88,004,599.78",20.5242,"12,356,407.28","2,366,781.06","349,944,358.43","-600,863.23",0.6718,,"90,371,380.84",6.5719,2.5946,"115,606,364.14","1,743,779.99",3.1212,2.9277,1.1661,1.0035,0.415,6.1693,-28.0538,-5.4814,15.69,"69,913,914.71","440,315,739.27","10,922,537.47"
中原内配集团股份有限公司,2015,1.019,7.9324,"-8,996,652.79","1,104,469,686.32",0.262,4.3994,3.3037,1.4503,"128,030,937.87","258,830,948.48",20.7593,"220,188,711.67","279,962,170.50","2,056,639,461.78","5,220,713.99",12.1339,13.3428,"538,793,118.98",19.9361,8.8608,"700,172,921.21","11,394,661.33",9.5208,2.3499,1.5645,0.7565,0.4342,21.1986,1.8898,4.1359,18.34,"82,441,832.39","2,595,432,580.76","193,032,909.45"
宁波华翔电子股份有限公司,2015,2.0263,6.095,"19,277,480.44","9,809,929,398.84",0.8536,1.3295,0.9805,0.4439,"600,217,976.69","4,043,704,163.70",46.0496,"633,170,602.68","804,683,869.05","5,680,236,471.70","16,757,012.36",14.7726,19.2107,"4,848,388,032.75",6.4544,6.7976,"8,040,936,530.15","45,908,392.83",3.4571,6.095,7.401,2.0785,1.026,4.486,12.592,22.5183,16.97,"221,504,880.68","10,528,624,504.45","416,466,367.19"
广东鸿图科技股份有限公司,2015,1.7293,3.1862,"17,896,146.16","2,258,688,634.45",0.8961,1.1773,0.8831,0.1408,"163,216,983.37","1,095,544,607.36",47.2599,"145,642,155.56","209,573,000.00","1,456,458,992.44","24,989,182.94",12.5792,6.362,"1,305,117,607.36",6.4481,6.4218,"1,761,124,509.66","8,904,891.91",8.8355,5.0388,11.6327,1.6719,0.8501,6.1033,1.9788,8.1885,16.72,"107,016,451.47","2,761,576,599.80","128,684,977.59"
浙江金固股份有限公司,2015,0.7531,7.2314,"47,571,118.83","1,523,773,694.71",1.2961,1.0437,0.7535,0.5616,"-23,616,700.73","1,971,557,572.23",56.4477,"42,995,894.14","127,328,913.88","1,619,398,130.19","57,841,159.94",7.4404,-0.3168,"2,098,886,486.11",2.8217,2.7836,"1,162,545,776.50","4,330,884.94",2.9641,2.0067,6.6022,0.9528,0.4206,2.9377,16.0392,5.4317,16.59,"158,662,953.83","3,718,284,616.30","43,559,201.72"
斯太尔动力股份有限公司,2015,0.3272,2.5177,"12,169,310.13","346,575,226.02",0.2174,2.0904,1.6081,1.0119,"-157,615,726.53","312,740,572.17",17.8559,"-204,903,162.63","35,231,007.14","1,600,802,466.21","6,412,782.65",2.2678,-21.2775,"347,971,579.31",-59.1223,-9.067,"336,429,037.62","325,507.14",-12.7369,1.4106,0.6902,0.3067,0.1583,-37.493,-53.2118,-19.788,15.21,"202,708,381.58","1,948,774,045.52","-194,938,775.18"
浙江跃岭股份有限公司,2015,1.2365,5.0454,"-17,347,493.88","644,063,162.79",0.1451,3.8887,3.0307,1.9066,"131,966,998.04","126,176,244.09",12.6697,"63,910,203.57","2,638,516.81","887,904,371.62","-3,656,055.38",0.2963,,"128,814,760.90",9.923,5.8253,"518,427,678.33","4,451,572.72",6.2639,4.5399,1.7487,1.2543,0.6227,9.6665,-22.6478,-3.3525,13.12,"105,775,711.57","1,016,719,132.52","55,617,109.82"
怀集登云汽配股份有限公司,2015,0.6203,2.1092,"9,505,352.78","239,985,028.17",0.605,1.4787,0.8834,0.361,"-7,499,505.65","262,544,326.02",37.6937,"-46,283,210.39","8,019,635.88","447,232,271.61","12,887,657.93",1.7616,-0.5704,"270,563,961.90",-19.2859,-4.6934,"188,801,958.77","1,268,376.15",-10.8253,1.2417,1.5364,0.7392,0.3373,-18.2812,-18.9423,1.7716,12.91,"51,991,343.62","717,796,233.51","-48,414,329.78"
浙江银轮机械股份有限公司,2015,1.3791,3.6826,"23,265,092.49","2,721,964,889.12",0.7755,1.7921,1.4283,0.5793,"225,169,981.87","1,145,658,932.15",43.6793,"259,574,968.90","568,608,359.73","2,210,403,683.38","34,174,342.47",21.802,5.2545,"1,714,267,291.88",9.5363,7.8971,"1,993,847,443.60","12,189,326.48",9.826,4.4674,3.6527,1.559,0.7318,8.7004,12.7328,11.6621,11.16,"223,808,597.79","3,924,670,975.26","212,749,759.20"
华菱星马汽车(集团)股份有限公司,2015,0.8923,2.9513,"145,148,735.55","3,542,663,727.70",2.2542,0.7003,0.4673,0.2014,"517,680,767.14","5,576,309,032.86",69.2709,"-807,823,984.18","505,774,710.55","2,698,053,991.79","135,493,643.45",16.1736,3.4403,"6,082,083,743.41",-22.8027,-7.639,"3,332,895,335.15","7,450,197.63",-35.9732,2.3735,,0.7333,0.4025,-23.0152,-29.1093,-0.4788,10.89,"748,366,820.47","8,780,137,735.20","-948,193,492.70"
天津汽车模具股份有限公司,2015,0.8006,3.6301,"8,459,527.54","1,804,705,044.99",1.0639,1.2476,0.6463,0.2583,"73,507,838.68","1,848,387,574.56",51.5476,"191,600,728.13","68,219,645.48","1,801,526,239.46","15,858,213.99",3.6756,3.6368,"1,916,607,220.04",10.6167,5.7418,"1,347,230,216.52","10,931,838.45",9.1827,1.1446,3.9648,1.3281,0.4995,10.5046,21.1922,5.9854,7.31,"95,475,200.28","3,718,133,459.50","166,319,879.57"
无锡隆盛科技股份有限公司,2015,0.8337,3.7096,"4,776,555.54","170,962,857.65",0.7559,1.7021,1.2513,0.8447,"1,146,830.41","121,585,100.07",43.0497,"32,082,558.03","13,548,584.66","178,767,934.03","4,732,142.04",7.0449,0.2202,"135,133,684.73",18.7658,12.3101,"113,007,823.50","1,144,742.54",15.5029,2.2203,1.9168,1.819,0.5717,19.214,43.0734,10.4434,,"20,933,046.94","313,901,618.76","27,714,267.72"
浙江兆丰机电股份有限公司,2015,0.8741,3.3745,"-9,911,693.70","334,876,185.28",0.4838,2.0488,1.8816,1.412,"140,775,146.68","193,866,127.07",32.6041,"131,094,160.63","7,750,998.22","416,762,059.26","-1,992,918.75",1.8259,221.2335,"201,617,125.29",39.1471,19.7027,"169,109,517.11","3,345,892.68",27.046,5.2871,1.8538,1.2305,0.5111,51.9225,-6.0684,-10.6538,,"16,131,697.45","618,379,184.55","112,426,413.53"
上海凯众材料科技股份有限公司,2015,0.9105,3.757,"-1,959,920.05","249,896,747.69",0.0736,10.6906,9.0086,5.7593,"64,163,227.86","28,022,121.37",6.856,"74,155,898.04",,"380,699,277.67","-2,045,271.63",,,"28,022,121.37",29.6746,18.8779,"144,850,752.46","1,044,386.25",16.9044,3.0002,1.0014,2.3242,0.6542,34.9822,5.0781,15.0525,,"15,582,791.25","408,721,399.04","64,484,831.78"
湖南机油泵股份有限公司,2015,1.1107,3.6455,"11,942,888.07","464,973,371.58",1.1633,1.3125,0.8564,0.3173,"78,573,752.83","315,013,918.05",53.7736,"45,457,302.24","105,725,517.95","361,688,569.48","12,878,251.08",22.6192,5.8403,"420,739,436.00",9.7763,7.6975,"332,754,222.81","2,765,172.32",10.7611,2.2771,4.4471,1.3707,0.6135,9.3643,-1.6839,6.7044,,"42,127,357.11","782,428,005.48","38,921,547.86"
江苏新泉汽车饰件股份有限公司,2015,1.1803,3.7796,"15,750,502.60","902,110,420.12",1.6532,0.9966,0.5858,0.248,"83,916,576.45","791,682,608.98",62.3101,"63,893,290.98","12,435,057.63","486,392,278.41","15,213,225.85",2.4929,5.3745,"804,117,666.61",7.0826,6.4146,"671,919,041.48","2,756,669.48",10.81,2.1287,130.5272,1.9239,0.7315,6.3354,14.3118,9.7434,,"66,466,772.40","1,290,509,945.02","52,569,020.67"
山东金麒麟股份有限公司,2015,1.341,5.4815,"20,629,464.22","1,121,747,231.96",1.0587,1.4316,1.0996,0.7082,"340,850,493.24","572,950,127.22",51.4251,"196,770,246.25","308,076,945.78","832,197,684.10","35,208,478.28",27.0799,8.7153,"881,027,073.00",17.5414,13.2511,"751,996,718.81","8,152,590.39",19.4577,3.4492,11.0303,1.2271,0.6408,17.3582,6.0331,-4.1847,,"141,250,298.35","1,713,224,757.10","161,310,366.65"
南京奥联汽车电子电器股份有限公司,2015,1.4502,3.5728,"2,396,826.49","267,356,335.09",0.6321,1.6572,1.2297,0.4727,"60,819,146.75","111,249,646.14",38.7305,"44,891,362.79","11,761,248.94","194,596,110.32","1,049,905.85",5.7523,53.388,"123,010,895.08",16.7908,14.7418,"160,040,670.03","2,585,487.90",20.5172,3.2899,4.1438,2.1006,0.8579,17.7952,14.4816,3.9042,,"17,881,685.05","317,607,005.40","39,472,263.46"
杭州雷迪克节能科技股份有限公司,2015,1.3491,3.9171,"2,082,024.71","358,628,430.53",0.7901,1.569,1.0279,0.4382,"56,381,520.08","173,754,837.39",44.1363,"72,464,464.87","1,236,910.45","221,488,431.34","3,166,194.04",0.5554,12.3807,"174,991,747.84",20.206,19.3888,"233,520,885.84","3,848,737.70",28.0062,2.5136,5.3448,2.8862,0.9194,21.6441,-1.7544,3.3393,,"25,451,602.78","396,480,179.18","62,030,437.77"
成都西菱动力科技股份有限公司,2015,1.4872,4.5901,"18,560,993.94","512,151,646.92",1.1142,0.8924,0.5198,0.1445,"91,368,607.17","398,206,833.14",52.7005,"72,375,535.05","73,227,616.95","423,119,399.58","12,347,838.33",14.7533,6.537,"471,434,450.09",14.1317,10.0824,"355,027,887.92","4,159,302.17",14.8815,2.3869,,1.0327,0.6095,14.2887,18.2027,13.8008,,"56,806,695.43","894,553,849.67","62,966,561.33"
无锡贝斯特精机股份有限公司,2015,1.3263,3.0932,"-665,248.83","476,623,089.59",0.499,1.4059,1.0075,0.2926,"127,299,658.60","262,456,858.70",33.2876,"108,627,067.05","36,008,172.70","598,160,639.33","3,115,270.91",5.678,38.4477,"298,465,031.40",22.791,13.2668,"282,998,539.15","3,323,708.95",15.73,2.9154,3.593,0.987,0.5659,25.2025,7.6035,13.7971,,"63,017,611.63","896,625,670.73","94,090,690.60"
成都豪能科技股份有限公司,2015,1.1699,3.8749,"2,111,244.10","601,119,809.62",0.4798,2.4736,1.738,0.7748,"112,153,907.03","218,263,156.75",32.4241,"133,599,037.59","112,992,115.75","690,376,508.61","-82,561.77",14.7065,286.2495,"331,255,272.50",22.225,14.6836,"374,327,796.89","3,435,103.56",16.267,2.6901,1.793,1.52,0.6611,24.2295,-2.0071,28.1934,,"43,996,407.43","1,021,631,781.11","112,972,305.68"
浙江仙通橡塑股份有限公司,2015,1.7095,3.8209,"6,761,017.58","423,914,493.01",0.7124,1.3427,1.0283,0.4227,"71,109,393.93","225,995,521.19",41.6035,"104,206,944.78","1,458,020.72","319,263,221.26","6,341,246.75",0.4546,10.9976,"227,453,541.91",24.5821,22.9565,"246,107,485.44","3,232,421.99",27.4786,3.8654,6.5675,1.8148,0.8803,27.5141,40.8459,31.2976,,"16,572,747.24","546,716,763.17","87,729,015.14"
苏州金鸿顺汽车部件股份有限公司,2015,1.4717,3.8939,"25,847,469.16","854,231,385.98",1.3287,1.0247,0.652,0.1458,"176,759,101.46","527,282,977.33",57.0579,"98,383,422.68","5,000,920.77","400,600,144.36","22,930,559.69",1.233,7.7085,"532,283,898.10",11.5172,12.983,"628,847,070.63","6,384,792.35",20.3218,2.9079,18.1486,2.4133,0.9142,10.7691,-9.7589,-0.3253,,"94,434,969.57","932,884,042.46","81,409,124.23"
海南钧达汽车饰件股份有限公司,2015,1.259,4.516,"11,711,911.52","765,501,234.59",1.2634,0.9425,0.6759,0.3521,"118,082,777.00","636,498,855.18",55.8196,"51,627,250.98",,"503,779,935.05","11,505,455.95",,8.7124,"636,498,855.18",6.7442,5.5075,"580,268,512.82","4,750,156.09",9.1478,3.3143,,1.4221,0.6678,6.4343,-7.0321,-1.0469,,"63,651,797.03","1,140,278,790.23","46,084,934.45"
爱柯迪股份有限公司,2015,1.6126,5.0215,"-10,411,111.59","1,465,681,187.52",0.3973,4.4455,3.2802,1.3509,"418,730,725.99","204,661,997.97",28.4349,"476,485,702.39","307,844,029.70","1,289,880,082.49","-766,003.29",19.7214,125.107,"512,506,027.67",32.5095,27.7284,"837,232,023.64","15,704,248.32",27.7292,3.7784,2.2579,1.8168,0.8543,35.6771,12.9612,10.6507,42.22,"111,128,041.56","1,802,386,110.16","357,287,781.72"
浙江今飞凯达轮毂股份有限公司,2015,1.57,6.4613,"93,371,674.30","2,131,757,417.74",4.2834,0.629,0.4497,0.2392,"258,543,912.14","2,068,801,260.69",81.073,"71,450,600.53","169,997,841.66","522,662,754.16","98,945,467.34",24.8345,2.2808,"2,238,799,102.35",3.3517,6.0516,"1,773,024,140.48","7,070,873.58",11.1724,4.4799,,1.4622,0.7571,2.8555,-0.5828,-3.7823,,"117,769,499.72","2,761,461,856.51","59,208,066.69"
重庆蓝黛动力传动机械股份有限公司,2015,1.0193,3.1228,"14,456,975.03","783,370,100.56",0.5478,2.2479,1.7007,1.0782,"-5,760,116.94","430,224,008.52",35.3932,"86,114,881.27","128,816,136.10","1,020,474,481.81","13,339,841.28",11.4283,-0.3633,"559,040,144.62",10.9929,7.2463,"621,318,812.84","3,903,263.53",7.4166,3.1707,2.1728,1.2971,0.5708,10.2397,0.3428,35.5283,52.97,"88,862,941.35","1,579,514,626.43","73,110,196.72"
常熟市汽车饰件股份有限公司,2015,1.5538,3.6717,"19,053,460.68","1,021,223,856.34",0.6321,0.8594,0.6822,0.2422,"179,974,049.86","738,832,283.18",38.7276,"249,337,374.78","53,284,071.89","1,253,236,110.83","21,573,260.32",4.0783,7.4499,"792,116,355.07",24.4155,13.7086,"725,040,869.43","11,749,036.72",17.8331,5.361,,0.7742,0.5168,24.1888,-6.1678,7.2511,,"154,085,006.97","2,045,352,465.90","223,490,514.72"
江苏日盈电子股份有限公司,2015,1.7245,4.2039,"1,598,815.85","236,734,590.64",0.5765,1.0044,0.7539,0.2348,"39,615,056.10","122,070,070.95",36.57,"33,921,812.54","2,897,613.00","216,754,224.70","1,968,547.78",1.3192,17.6421,"124,967,683.95",14.329,10.0675,"146,569,366.10","1,947,430.70",13.7192,4.421,22.4197,1.0799,0.6641,14.4446,-11.9701,-7.9601,,"23,217,614.62","341,721,908.65","29,737,032.61"
重庆小康工业集团股份有限公司,2015,1.6655,38.0386,"69,010,899.92","10,554,475,453.11",2.891,0.8208,0.7341,0.6677,"391,626,442.02","8,283,291,564.32",74.2994,"455,616,300.99","958,616,309.80","3,196,822,160.33","68,919,219.34",26.9715,3.9144,"9,241,907,874.12",4.3168,4.4818,"8,515,928,310.77","270,702,985.78",14.3464,11.123,,1.9667,0.9018,3.9099,12.0661,13.4022,74.5,"1,277,802,566.40","12,438,730,034.45","388,770,502.65"
广东迪生力汽配股份有限公司,2015,1.7088,16.2606,"-4,170,523.51","736,924,670.86",0.8734,1.4238,0.3191,0.1374,"61,253,877.36","271,378,679.59",46.6223,"52,420,976.86","13,137,200.00","325,740,972.74","8,972,212.11",4.3189,6.6843,"284,515,879.59",7.1135,9.3073,"515,025,590.98","3,127,642.79",12.9962,1.6894,8.9319,3.2269,1.1172,5.9498,-1.0207,-13.9255,,"29,608,837.69","610,256,852.33","40,048,600.48"
上海岱美汽车内饰件股份有限公司,2015,1.7499,5.3723,"5,285,568.21","2,324,622,308.75",0.8328,1.9429,1.1911,0.4277,"349,071,725.17","748,141,275.05",45.4377,"400,668,406.10","268,893,530.98","1,221,270,614.41","23,255,258.45",18.0803,14.786,"1,017,034,806.03",17.2358,20.6539,"1,530,656,534.97","4,620,306.97",26.0404,2.7448,3.9783,3.2105,1.1326,16.6696,16.4449,19.9057,,"136,680,293.34","2,238,305,420.44","317,455,026.02"
上海保隆汽车科技股份有限公司,2015,1.6904,5.0387,"11,225,863.70","1,387,542,535.42",1.3227,1.9387,1.1986,0.4402,"101,800,008.85","468,472,237.84",56.9466,"158,095,007.67","322,790,916.55","598,218,506.70","15,607,780.88",39.4149,5.9836,"791,263,154.39",11.3939,13.7109,"924,320,440.07","6,466,933.53",13.7077,2.7278,4.6402,3.1106,1.0952,7.9561,13.1039,21.4259,,"32,169,915.42","1,389,481,661.09","96,852,983.10"
江苏奥力威传感高科股份有限公司,2015,1.5469,6.1383,"-963,856.78","469,674,508.02",0.2517,4.0772,3.1403,1.8023,"74,652,867.85","81,125,108.23",20.1082,"96,694,397.59","6,745,000.00","349,115,838.82","-889,594.88",1.9687,,"87,870,108.23",20.5875,23.8177,"330,121,961.29","2,744,119.75",23.2032,4.3849,2.1359,4.7623,1.1676,21.833,1.7608,18.9084,57.696,"14,099,439.20","436,985,947.05","82,055,860.03"
惠州市德赛西威汽车电子股份有限公司,2015,1.7822,5.5734,"62,931,333.96","3,668,248,375.96",2.5685,1.186,0.7115,0.354,"247,518,516.14","2,085,564,774.57",71.9766,"407,674,071.44","136,553,948.27","865,159,104.27","10,692,391.87",13.5596,19.68,"2,222,118,722.84",11.1136,16.1089,"2,679,219,538.30","13,834,161.79",41.2257,3.467,11.8043,6.8074,1.4124,11.1052,39.1233,46.5275,,"55,118,334.96","3,087,277,827.11","357,566,857.31"
华达汽车科技股份有限公司,2015,1.9005,6.6431,"6,447,344.01","2,369,358,056.51",1.0504,1.1921,0.677,0.248,"246,442,572.90","1,076,423,982.65",51.2299,"298,745,878.13","4,532,035.79","1,029,054,911.83","6,719,575.51",0.4385,30.9338,"1,080,956,018.44",12.6087,15.3428,"1,824,806,963.68","9,606,977.34",25.002,3.1233,12.5151,3.1835,1.1901,12.4569,6.4425,12.7233,,"62,533,481.76","2,110,010,930.27","257,284,403.69"
浙江正裕工业股份有限公司,2015,1.6446,3.9261,"-13,060,598.96","571,645,291.06",0.6438,1.6083,1.3369,0.6762,"90,741,935.88","217,123,858.31",39.1657,"79,757,800.53","10,314,696.44","353,269,783.77","-849,424.98",2.8369,"17,689.07","227,438,554.75",13.9523,13.4532,"419,823,476.75","3,717,066.81",19.0159,6.4661,5.2398,2.3922,0.9746,13.5903,-10.6773,-1.9695,,"62,321,361.83","580,708,338.52","67,177,353.32"
浙江铁流离合器股份有限公司,2015,2.1175,8.867,"-802,348.93","678,952,813.95",0.4848,1.8603,1.1848,0.7636,"164,149,947.65","174,661,848.26",32.6527,"110,948,547.20","25,835,565.90","413,532,248.82","1,385,468.28",5.8802,93.3034,"200,497,414.16",16.3411,19.6033,"452,263,420.63","4,967,236.05",22.7495,3.7799,4.7384,2.69,1.1848,16.8119,-7.7899,15.4099,,"52,283,526.75","614,029,662.98","94,076,473.02"
宁波圣龙汽车动力系统股份有限公司,2015,2.5148,5.8564,"24,732,607.13","1,115,519,542.96",2.3903,1.1148,0.8031,0.2483,"92,817,131.19","420,595,761.85",70.5041,"84,550,843.49","442,628,072.60","361,136,200.16","23,574,143.26",56.6044,3.8829,"863,223,834.45",7.5795,9.8894,"851,794,562.97","3,440,055.07",20.2438,6.4161,"1,159.24",1.7168,1.0203,7.5129,20.1521,27.2282,,"59,835,746.13","1,224,360,034.61","77,993,280.23"
万通智控科技股份有限公司,2015,2.1397,5.6868,"-2,101,774.73","289,302,646.69",0.4557,1.9297,1.4412,0.7467,"55,627,860.78","83,651,146.75",31.3037,"42,703,516.06","3,212,566.88","190,623,066.88","884,380.13",1.6627,55.4287,"86,863,713.63",14.7608,18.5345,"206,738,662.20","2,585,179.59",18.3283,5.7352,5.9267,2.8941,1.2302,14.0112,-4.3519,43.882,,"23,719,268.03","277,486,780.51","34,942,178.09"
合肥常青机械股份有限公司,2015,2.687,8.6434,"29,732,966.18","1,136,888,129.82",1.0146,0.7427,0.5585,0.305,"102,309,072.71","584,220,872.11",50.3619,"94,911,354.57","22,060,832.49","597,568,531.43","29,493,715.42",3.5603,3.3762,"606,281,704.60",8.3483,10.5994,"867,418,184.06","6,041,141.65",12.9145,6.3465,,1.5147,0.9686,7.4881,-18.0078,5.2725,,"105,441,700.56","1,203,850,236.03","77,173,154.12"
